--------------------------------------------------------
--  File created - Friday-March-06-2020   
--------------------------------------------------------
--------------------------------------------------------
--  DDL for Table STATIONARY_DEVICE_NAME
--------------------------------------------------------

  CREATE TABLE "XUSER"."STATIONARY_DEVICE_NAME" 
   (	"ID" NUMBER, 
	"DEVICENAME" VARCHAR2(20 BYTE), 
	"STATUS" VARCHAR2(20 BYTE), 
	"CREATED_DATE" VARCHAR2(20 BYTE)
   ) SEGMENT CREATION IMMEDIATE 
  PCTFREE 10 PCTUSED 40 INITRANS 1 MAXTRANS 255 
 NOCOMPRESS LOGGING
  STORAGE(INITIAL 65536 NEXT 1048576 MINEXTENTS 1 MAXEXTENTS 2147483645
  PCTINCREASE 0 FREELISTS 1 FREELIST GROUPS 1
  BUFFER_POOL DEFAULT FLASH_CACHE DEFAULT CELL_FLASH_CACHE DEFAULT)
  TABLESPACE "PSC" ;
--------------------------------------------------------
--  DDL for Table STATIONARY_DGH_USER
--------------------------------------------------------

  CREATE TABLE "XUSER"."STATIONARY_DGH_USER" 
   (	"ID" VARCHAR2(20 BYTE), 
	"CATEGORY" VARCHAR2(20 BYTE), 
	"EMPLOYEE" VARCHAR2(20 BYTE), 
	"DATE_OF_RECEIPT" DATE, 
	"QUANTITY" VARCHAR2(20 BYTE), 
	"DATE_OF_ISSUE" DATE, 
	"ISSUER" VARCHAR2(20 BYTE), 
	"REMARK" VARCHAR2(20 BYTE), 
	"STATUS" VARCHAR2(20 BYTE), 
	"CREATED_DATE" VARCHAR2(20 BYTE), 
	"DEPT_ID" VARCHAR2(20 BYTE), 
	"SUBCATEGORY" VARCHAR2(20 BYTE), 
	"SUBCHILDCATEGORY" VARCHAR2(20 BYTE), 
	"EMPLOYEE_STATUS" VARCHAR2(20 BYTE)
   ) SEGMENT CREATION IMMEDIATE 
  PCTFREE 10 PCTUSED 40 INITRANS 1 MAXTRANS 255 
 NOCOMPRESS LOGGING
  STORAGE(INITIAL 65536 NEXT 1048576 MINEXTENTS 1 MAXEXTENTS 2147483645
  PCTINCREASE 0 FREELISTS 1 FREELIST GROUPS 1
  BUFFER_POOL DEFAULT FLASH_CACHE DEFAULT CELL_FLASH_CACHE DEFAULT)
  TABLESPACE "PSC" ;
--------------------------------------------------------
--  DDL for Table STATIONARY_IT_ITEM_ADDED
--------------------------------------------------------

  CREATE TABLE "XUSER"."STATIONARY_IT_ITEM_ADDED" 
   (	"ID" NUMBER, 
	"CATEGORY" VARCHAR2(20 BYTE), 
	"SUBCATEGORY" VARCHAR2(20 BYTE), 
	"SUBCHILDCATEGORY" VARCHAR2(20 BYTE), 
	"QUANTITY" VARCHAR2(20 BYTE), 
	"STATUS" VARCHAR2(20 BYTE), 
	"CREATED_DATE" VARCHAR2(20 BYTE), 
	"CONTRACTID" VARCHAR2(200 BYTE)
   ) SEGMENT CREATION IMMEDIATE 
  PCTFREE 10 PCTUSED 40 INITRANS 1 MAXTRANS 255 
 NOCOMPRESS LOGGING
  STORAGE(INITIAL 65536 NEXT 1048576 MINEXTENTS 1 MAXEXTENTS 2147483645
  PCTINCREASE 0 FREELISTS 1 FREELIST GROUPS 1
  BUFFER_POOL DEFAULT FLASH_CACHE DEFAULT CELL_FLASH_CACHE DEFAULT)
  TABLESPACE "PSC" ;
--------------------------------------------------------
--  DDL for Table STATIONARY_IT_RECEIVED_ITEMS
--------------------------------------------------------

  CREATE TABLE "XUSER"."STATIONARY_IT_RECEIVED_ITEMS" 
   (	"ID" NUMBER, 
	"CONTRACTID" VARCHAR2(20 BYTE), 
	"PUBLISHID" VARCHAR2(20 BYTE), 
	"QUANTITY" VARCHAR2(20 BYTE), 
	"CATEGORY" VARCHAR2(20 BYTE), 
	"SUBCATEGORY" VARCHAR2(20 BYTE), 
	"SUBCHILDCATEGORY" VARCHAR2(20 BYTE), 
	"STATUS" VARCHAR2(20 BYTE), 
	"CREATED_DATE" DATE, 
	"RECEIVEDQUANTITY" VARCHAR2(20 BYTE), 
	"REMAINING" VARCHAR2(20 BYTE), 
	"REMARKS" VARCHAR2(20 BYTE)
   ) SEGMENT CREATION IMMEDIATE 
  PCTFREE 10 PCTUSED 40 INITRANS 1 MAXTRANS 255 
 NOCOMPRESS LOGGING
  STORAGE(INITIAL 65536 NEXT 1048576 MINEXTENTS 1 MAXEXTENTS 2147483645
  PCTINCREASE 0 FREELISTS 1 FREELIST GROUPS 1
  BUFFER_POOL DEFAULT FLASH_CACHE DEFAULT CELL_FLASH_CACHE DEFAULT)
  TABLESPACE "PSC" ;
--------------------------------------------------------
--  DDL for Table STATIONARY_IT_RELEASE_ORDER
--------------------------------------------------------

  CREATE TABLE "XUSER"."STATIONARY_IT_RELEASE_ORDER" 
   (	"ID" NUMBER, 
	"RELEASEORDERID" VARCHAR2(200 BYTE), 
	"CONTRACTID" VARCHAR2(200 BYTE), 
	"STATUS" VARCHAR2(20 BYTE), 
	"CREATED_DATE" DATE, 
	"SUBJECT" VARCHAR2(2000 BYTE), 
	"BODY" VARCHAR2(2000 BYTE), 
	"RECEIVEDBY" VARCHAR2(2000 BYTE), 
	"RECEIVEDDATE" DATE, 
	"SIGNATURE" VARCHAR2(20 BYTE), 
	"CHALLANNO" VARCHAR2(20 BYTE), 
	"CHALLANDATE" DATE, 
	"REMARKS" VARCHAR2(20 BYTE), 
	"RECEIPTDATE" DATE
   ) SEGMENT CREATION IMMEDIATE 
  PCTFREE 10 PCTUSED 40 INITRANS 1 MAXTRANS 255 
 NOCOMPRESS LOGGING
  STORAGE(INITIAL 65536 NEXT 1048576 MINEXTENTS 1 MAXEXTENTS 2147483645
  PCTINCREASE 0 FREELISTS 1 FREELIST GROUPS 1
  BUFFER_POOL DEFAULT FLASH_CACHE DEFAULT CELL_FLASH_CACHE DEFAULT)
  TABLESPACE "PSC" ;
--------------------------------------------------------
--  DDL for Table STATIONARY_IT_REQUEST
--------------------------------------------------------

  CREATE TABLE "XUSER"."STATIONARY_IT_REQUEST" 
   (	"ID" NUMBER, 
	"USERID" VARCHAR2(20 BYTE), 
	"ISSUEID" VARCHAR2(20 BYTE), 
	"REMARKS" VARCHAR2(20 BYTE), 
	"STATUS" VARCHAR2(20 BYTE), 
	"CREATED_DATE" DATE
   ) SEGMENT CREATION IMMEDIATE 
  PCTFREE 10 PCTUSED 40 INITRANS 1 MAXTRANS 255 
 NOCOMPRESS LOGGING
  STORAGE(INITIAL 65536 NEXT 1048576 MINEXTENTS 1 MAXEXTENTS 2147483645
  PCTINCREASE 0 FREELISTS 1 FREELIST GROUPS 1
  BUFFER_POOL DEFAULT FLASH_CACHE DEFAULT CELL_FLASH_CACHE DEFAULT)
  TABLESPACE "PSC" ;
--------------------------------------------------------
--  DDL for Table STATIONARY_IT_REQUEST_QUANTITY
--------------------------------------------------------

  CREATE TABLE "XUSER"."STATIONARY_IT_REQUEST_QUANTITY" 
   (	"ID" VARCHAR2(20 BYTE), 
	"CATEGORY" VARCHAR2(20 BYTE), 
	"SUBCATEGORY" VARCHAR2(20 BYTE), 
	"SUBCHILDCATEGORY" VARCHAR2(20 BYTE), 
	"STATUS" VARCHAR2(20 BYTE), 
	"CREATED_DATE" VARCHAR2(20 BYTE), 
	"QUANTITY" VARCHAR2(20 BYTE), 
	"REMARKS" VARCHAR2(20 BYTE), 
	"ISSUEID" VARCHAR2(20 BYTE)
   ) SEGMENT CREATION IMMEDIATE 
  PCTFREE 10 PCTUSED 40 INITRANS 1 MAXTRANS 255 
 NOCOMPRESS LOGGING
  STORAGE(INITIAL 65536 NEXT 1048576 MINEXTENTS 1 MAXEXTENTS 2147483645
  PCTINCREASE 0 FREELISTS 1 FREELIST GROUPS 1
  BUFFER_POOL DEFAULT FLASH_CACHE DEFAULT CELL_FLASH_CACHE DEFAULT)
  TABLESPACE "PSC" ;
--------------------------------------------------------
--  DDL for Table STATIONARY_IT_VENDOR_DETAILS
--------------------------------------------------------

  CREATE TABLE "XUSER"."STATIONARY_IT_VENDOR_DETAILS" 
   (	"ID" VARCHAR2(20 BYTE), 
	"VENDORNAME" VARCHAR2(20 BYTE), 
	"ADDRESS" VARCHAR2(20 BYTE), 
	"PHONENO" VARCHAR2(20 BYTE), 
	"STATUS" VARCHAR2(20 BYTE), 
	"CREATED_DATE" VARCHAR2(20 BYTE), 
	"APPTYPE" VARCHAR2(20 BYTE)
   ) SEGMENT CREATION IMMEDIATE 
  PCTFREE 10 PCTUSED 40 INITRANS 1 MAXTRANS 255 
 NOCOMPRESS LOGGING
  STORAGE(INITIAL 65536 NEXT 1048576 MINEXTENTS 1 MAXEXTENTS 2147483645
  PCTINCREASE 0 FREELISTS 1 FREELIST GROUPS 1
  BUFFER_POOL DEFAULT FLASH_CACHE DEFAULT CELL_FLASH_CACHE DEFAULT)
  TABLESPACE "PSC" ;
--------------------------------------------------------
--  DDL for Table STATIONARY_MATERIAL
--------------------------------------------------------

  CREATE TABLE "XUSER"."STATIONARY_MATERIAL" 
   (	"ID" NUMBER, 
	"ITEMS_DESCRIPTION" VARCHAR2(500 BYTE), 
	"STATUS" VARCHAR2(20 BYTE), 
	"CREATED_DATE" VARCHAR2(20 BYTE), 
	"TYPE" VARCHAR2(20 BYTE), 
	"ITEMCODE" VARCHAR2(20 BYTE), 
	"APPTYPE" VARCHAR2(20 BYTE)
   ) SEGMENT CREATION IMMEDIATE 
  PCTFREE 10 PCTUSED 40 INITRANS 1 MAXTRANS 255 
 NOCOMPRESS LOGGING
  STORAGE(INITIAL 65536 NEXT 1048576 MINEXTENTS 1 MAXEXTENTS 2147483645
  PCTINCREASE 0 FREELISTS 1 FREELIST GROUPS 1
  BUFFER_POOL DEFAULT FLASH_CACHE DEFAULT CELL_FLASH_CACHE DEFAULT)
  TABLESPACE "PSC" ;
--------------------------------------------------------
--  DDL for Table STATIONARY_PRINT_REPOSITORY
--------------------------------------------------------

  CREATE TABLE "XUSER"."STATIONARY_PRINT_REPOSITORY" 
   (	"ID" NUMBER, 
	"CATEGORY" VARCHAR2(20 BYTE), 
	"BRAND" VARCHAR2(200 BYTE), 
	"ANNUAL_REQUIREMENT" VARCHAR2(20 BYTE), 
	"UNIT" VARCHAR2(20 BYTE), 
	"RATE" VARCHAR2(20 BYTE), 
	"GST_RATE" VARCHAR2(20 BYTE), 
	"GST_AMOUNT" VARCHAR2(20 BYTE), 
	"TOTAL_ITEM_ORDER" VARCHAR2(20 BYTE), 
	"TOTAL_ITEM_RECEIVED" VARCHAR2(20 BYTE), 
	"DATEOFRECEIVED" DATE, 
	"STATUS" VARCHAR2(20 BYTE), 
	"CREATED_DATE" VARCHAR2(20 BYTE), 
	"SUBCATEGORY" VARCHAR2(50 BYTE), 
	"SUBCHILDCATEGORY" VARCHAR2(50 BYTE), 
	"DATEOFORDER" DATE, 
	"TIMEOFORDER" VARCHAR2(20 BYTE), 
	"TIMEOFRECEIVED" VARCHAR2(20 BYTE)
   ) SEGMENT CREATION IMMEDIATE 
  PCTFREE 10 PCTUSED 40 INITRANS 1 MAXTRANS 255 
 NOCOMPRESS LOGGING
  STORAGE(INITIAL 65536 NEXT 1048576 MINEXTENTS 1 MAXEXTENTS 2147483645
  PCTINCREASE 0 FREELISTS 1 FREELIST GROUPS 1
  BUFFER_POOL DEFAULT FLASH_CACHE DEFAULT CELL_FLASH_CACHE DEFAULT)
  TABLESPACE "PSC" ;
--------------------------------------------------------
--  DDL for Table STATIONARY_RECEIVED_ITEMS
--------------------------------------------------------

  CREATE TABLE "XUSER"."STATIONARY_RECEIVED_ITEMS" 
   (	"ID" NUMBER(*,0), 
	"ITEMID" VARCHAR2(50 BYTE), 
	"TOTAL_ITEM_RECEIVED" VARCHAR2(50 BYTE), 
	"TIMEOFRECEIVED" VARCHAR2(50 BYTE), 
	"DATEOFRECEIVED" DATE, 
	"STATUS" VARCHAR2(20 BYTE), 
	"CREATED_DATE" DATE, 
	"ITEM_TYPE" VARCHAR2(20 BYTE)
   ) SEGMENT CREATION IMMEDIATE 
  PCTFREE 10 PCTUSED 40 INITRANS 1 MAXTRANS 255 
 NOCOMPRESS LOGGING
  STORAGE(INITIAL 65536 NEXT 1048576 MINEXTENTS 1 MAXEXTENTS 2147483645
  PCTINCREASE 0 FREELISTS 1 FREELIST GROUPS 1
  BUFFER_POOL DEFAULT FLASH_CACHE DEFAULT CELL_FLASH_CACHE DEFAULT)
  TABLESPACE "PSC" ;
--------------------------------------------------------
--  DDL for Table STATIONARY_REPOSITORY
--------------------------------------------------------

  CREATE TABLE "XUSER"."STATIONARY_REPOSITORY" 
   (	"ID" VARCHAR2(20 BYTE), 
	"CATEGORY" VARCHAR2(20 BYTE), 
	"COMPANY" VARCHAR2(20 BYTE), 
	"ESTIMATED_QUANTITY" VARCHAR2(20 BYTE), 
	"UNIT" VARCHAR2(20 BYTE), 
	"BASIC_AMOUNT" VARCHAR2(20 BYTE), 
	"GST" VARCHAR2(20 BYTE), 
	"TOTAL_ITEM_ORDER" VARCHAR2(20 BYTE), 
	"TOTAL_ITEM_RECEIVED" VARCHAR2(20 BYTE), 
	"DATEOFRECEIVED" DATE, 
	"STATUS" VARCHAR2(20 BYTE), 
	"CREATED_DATE" VARCHAR2(20 BYTE), 
	"DATEOFORDER" DATE, 
	"SUBCATEGORY" VARCHAR2(20 BYTE), 
	"SUBCHILDCATEGORY" VARCHAR2(20 BYTE), 
	"TIMEOFORDER" VARCHAR2(20 BYTE), 
	"TIMEOFRECEIVED" VARCHAR2(20 BYTE)
   ) SEGMENT CREATION IMMEDIATE 
  PCTFREE 10 PCTUSED 40 INITRANS 1 MAXTRANS 255 
 NOCOMPRESS LOGGING
  STORAGE(INITIAL 65536 NEXT 1048576 MINEXTENTS 1 MAXEXTENTS 2147483645
  PCTINCREASE 0 FREELISTS 1 FREELIST GROUPS 1
  BUFFER_POOL DEFAULT FLASH_CACHE DEFAULT CELL_FLASH_CACHE DEFAULT)
  TABLESPACE "PSC" ;
--------------------------------------------------------
--  DDL for Table STATIONARY_ROLE_CLAIMS
--------------------------------------------------------

  CREATE TABLE "XUSER"."STATIONARY_ROLE_CLAIMS" 
   (	"ID" VARCHAR2(200 BYTE), 
	"ROLEID" VARCHAR2(200 BYTE), 
	"CLAIMTYPE" VARCHAR2(200 BYTE), 
	"CLAIMVALUE" VARCHAR2(200 BYTE)
   ) SEGMENT CREATION IMMEDIATE 
  PCTFREE 10 PCTUSED 40 INITRANS 1 MAXTRANS 255 
 NOCOMPRESS LOGGING
  STORAGE(INITIAL 65536 NEXT 1048576 MINEXTENTS 1 MAXEXTENTS 2147483645
  PCTINCREASE 0 FREELISTS 1 FREELIST GROUPS 1
  BUFFER_POOL DEFAULT FLASH_CACHE DEFAULT CELL_FLASH_CACHE DEFAULT)
  TABLESPACE "PSC" ;
--------------------------------------------------------
--  DDL for Table STATIONARY_ROLE_MASTER
--------------------------------------------------------

  CREATE TABLE "XUSER"."STATIONARY_ROLE_MASTER" 
   (	"ID" VARCHAR2(500 BYTE), 
	"NAME" VARCHAR2(20 BYTE), 
	"DESCRIPTION" VARCHAR2(20 BYTE), 
	"CREATED_BY" VARCHAR2(20 BYTE), 
	"STATUS" VARCHAR2(20 BYTE), 
	"CREATED_DATE" DATE
   ) SEGMENT CREATION IMMEDIATE 
  PCTFREE 10 PCTUSED 40 INITRANS 1 MAXTRANS 255 
 NOCOMPRESS LOGGING
  STORAGE(INITIAL 65536 NEXT 1048576 MINEXTENTS 1 MAXEXTENTS 2147483645
  PCTINCREASE 0 FREELISTS 1 FREELIST GROUPS 1
  BUFFER_POOL DEFAULT FLASH_CACHE DEFAULT CELL_FLASH_CACHE DEFAULT)
  TABLESPACE "PSC" ;
--------------------------------------------------------
--  DDL for Table STATIONARY_UNITS
--------------------------------------------------------

  CREATE TABLE "XUSER"."STATIONARY_UNITS" 
   (	"ID" VARCHAR2(20 BYTE), 
	"UNITS_DESCRIPTION" VARCHAR2(20 BYTE), 
	"STATUS" VARCHAR2(20 BYTE), 
	"CREATED_DATE" VARCHAR2(20 BYTE)
   ) SEGMENT CREATION IMMEDIATE 
  PCTFREE 10 PCTUSED 40 INITRANS 1 MAXTRANS 255 
 NOCOMPRESS LOGGING
  STORAGE(INITIAL 65536 NEXT 1048576 MINEXTENTS 1 MAXEXTENTS 2147483645
  PCTINCREASE 0 FREELISTS 1 FREELIST GROUPS 1
  BUFFER_POOL DEFAULT FLASH_CACHE DEFAULT CELL_FLASH_CACHE DEFAULT)
  TABLESPACE "PSC" ;
--------------------------------------------------------
--  DDL for Table STATIONARY_USER_ROLE
--------------------------------------------------------

  CREATE TABLE "XUSER"."STATIONARY_USER_ROLE" 
   (	"USERID" VARCHAR2(200 BYTE), 
	"ROLEID" VARCHAR2(200 BYTE), 
	"STATUS" VARCHAR2(20 BYTE), 
	"CREATED_DATE" VARCHAR2(20 BYTE)
   ) SEGMENT CREATION IMMEDIATE 
  PCTFREE 10 PCTUSED 40 INITRANS 1 MAXTRANS 255 
 NOCOMPRESS LOGGING
  STORAGE(INITIAL 65536 NEXT 1048576 MINEXTENTS 1 MAXEXTENTS 2147483645
  PCTINCREASE 0 FREELISTS 1 FREELIST GROUPS 1
  BUFFER_POOL DEFAULT FLASH_CACHE DEFAULT CELL_FLASH_CACHE DEFAULT)
  TABLESPACE "PSC" ;
--------------------------------------------------------
--  DDL for Table STATIONARY_USERSDGH
--------------------------------------------------------

  CREATE TABLE "XUSER"."STATIONARY_USERSDGH" 
   (	"ID" VARCHAR2(200 BYTE), 
	"USERNAME" VARCHAR2(200 BYTE), 
	"EMAILID" VARCHAR2(200 BYTE), 
	"PHONENO" VARCHAR2(200 BYTE), 
	"STATUS" VARCHAR2(200 BYTE), 
	"CREATED_DATE" VARCHAR2(20 BYTE), 
	"DEPTID" VARCHAR2(20 BYTE), 
	"PASSWORD" VARCHAR2(2000 BYTE), 
	"EMPSTATUS" VARCHAR2(20 BYTE), 
	"UNORMALIZEDUSERNAME" VARCHAR2(20 BYTE), 
	"NORMALIZEDEMAIL" VARCHAR2(20 BYTE)
   ) SEGMENT CREATION IMMEDIATE 
  PCTFREE 10 PCTUSED 40 INITRANS 1 MAXTRANS 255 
 NOCOMPRESS LOGGING
  STORAGE(INITIAL 65536 NEXT 1048576 MINEXTENTS 1 MAXEXTENTS 2147483645
  PCTINCREASE 0 FREELISTS 1 FREELIST GROUPS 1
  BUFFER_POOL DEFAULT FLASH_CACHE DEFAULT CELL_FLASH_CACHE DEFAULT)
  TABLESPACE "PSC" ;
--------------------------------------------------------
--  DDL for Table STATIONARYITEMCOMPANY
--------------------------------------------------------

  CREATE TABLE "XUSER"."STATIONARYITEMCOMPANY" 
   (	"ID" NUMBER, 
	"COMPANYCODE" VARCHAR2(20 BYTE), 
	"COMPANYNAME" VARCHAR2(40 BYTE), 
	"STATUS" VARCHAR2(20 BYTE), 
	"CREATED_DATE" VARCHAR2(20 BYTE)
   ) SEGMENT CREATION IMMEDIATE 
  PCTFREE 10 PCTUSED 40 INITRANS 1 MAXTRANS 255 
 NOCOMPRESS LOGGING
  STORAGE(INITIAL 65536 NEXT 1048576 MINEXTENTS 1 MAXEXTENTS 2147483645
  PCTINCREASE 0 FREELISTS 1 FREELIST GROUPS 1
  BUFFER_POOL DEFAULT FLASH_CACHE DEFAULT CELL_FLASH_CACHE DEFAULT)
  TABLESPACE "PSC" ;
--------------------------------------------------------
--  DDL for Table STATIONARYSUBCATEGORY
--------------------------------------------------------

  CREATE TABLE "XUSER"."STATIONARYSUBCATEGORY" 
   (	"ID" NUMBER, 
	"DESCRIPTION" VARCHAR2(20 BYTE), 
	"STATUS" VARCHAR2(20 BYTE), 
	"CREATED_DATE" VARCHAR2(20 BYTE), 
	"PARENT_ID" VARCHAR2(30 BYTE), 
	"CHILDITEMCODE" VARCHAR2(30 BYTE), 
	"CATEGORYTYPE" VARCHAR2(20 BYTE)
   ) SEGMENT CREATION IMMEDIATE 
  PCTFREE 10 PCTUSED 40 INITRANS 1 MAXTRANS 255 
 NOCOMPRESS LOGGING
  STORAGE(INITIAL 65536 NEXT 1048576 MINEXTENTS 1 MAXEXTENTS 2147483645
  PCTINCREASE 0 FREELISTS 1 FREELIST GROUPS 1
  BUFFER_POOL DEFAULT FLASH_CACHE DEFAULT CELL_FLASH_CACHE DEFAULT)
  TABLESPACE "PSC" ;
--------------------------------------------------------
--  DDL for Table STATIONARY_CONTRACTFORM
--------------------------------------------------------

  CREATE TABLE "XUSER"."STATIONARY_CONTRACTFORM" 
   (	"ID" NUMBER, 
	"CONTRACTNO" VARCHAR2(200 BYTE), 
	"VENDORNAME" VARCHAR2(200 BYTE), 
	"STARTDATE" DATE, 
	"ENDDATE" DATE, 
	"STATUS" VARCHAR2(20 BYTE), 
	"CREATED_DATE" VARCHAR2(20 BYTE), 
	"CONTRACTID" VARCHAR2(200 BYTE)
   ) SEGMENT CREATION IMMEDIATE 
  PCTFREE 10 PCTUSED 40 INITRANS 1 MAXTRANS 255 
 NOCOMPRESS LOGGING
  STORAGE(INITIAL 65536 NEXT 1048576 MINEXTENTS 1 MAXEXTENTS 2147483645
  PCTINCREASE 0 FREELISTS 1 FREELIST GROUPS 1
  BUFFER_POOL DEFAULT FLASH_CACHE DEFAULT CELL_FLASH_CACHE DEFAULT)
  TABLESPACE "PSC" ;
REM INSERTING into XUSER.STATIONARY_DEVICE_NAME
SET DEFINE OFF;
Insert into XUSER.STATIONARY_DEVICE_NAME (ID,DEVICENAME,STATUS,CREATED_DATE) values (2,'iyhyi','1','13-JAN-20');
Insert into XUSER.STATIONARY_DEVICE_NAME (ID,DEVICENAME,STATUS,CREATED_DATE) values (21,'Printer','1','05-FEB-20');
Insert into XUSER.STATIONARY_DEVICE_NAME (ID,DEVICENAME,STATUS,CREATED_DATE) values (1,'dddhh','1','13-JAN-20');
REM INSERTING into XUSER.STATIONARY_DGH_USER
SET DEFINE OFF;
Insert into XUSER.STATIONARY_DGH_USER (ID,CATEGORY,EMPLOYEE,DATE_OF_RECEIPT,QUANTITY,DATE_OF_ISSUE,ISSUER,REMARK,STATUS,CREATED_DATE,DEPT_ID,SUBCATEGORY,SUBCHILDCATEGORY,EMPLOYEE_STATUS) values ('3','ITEMS0200102212042','122488',to_date('01-JAN-01','DD-MON-RR'),'12',to_date('15-JAN-20','DD-MON-RR'),'wdw','dwwd','1','06-JAN-20','19','41',null,'Working');
Insert into XUSER.STATIONARY_DGH_USER (ID,CATEGORY,EMPLOYEE,DATE_OF_RECEIPT,QUANTITY,DATE_OF_ISSUE,ISSUER,REMARK,STATUS,CREATED_DATE,DEPT_ID,SUBCATEGORY,SUBCHILDCATEGORY,EMPLOYEE_STATUS) values ('6','ITEMS0200102212042','1',to_date('01-JAN-01','DD-MON-RR'),'2',to_date('13-JAN-20','DD-MON-RR'),'ass','ssa','1','08-JAN-20',null,'41',null,null);
Insert into XUSER.STATIONARY_DGH_USER (ID,CATEGORY,EMPLOYEE,DATE_OF_RECEIPT,QUANTITY,DATE_OF_ISSUE,ISSUER,REMARK,STATUS,CREATED_DATE,DEPT_ID,SUBCATEGORY,SUBCHILDCATEGORY,EMPLOYEE_STATUS) values ('5','ITEMS0200102212042','79614',to_date('01-JAN-01','DD-MON-RR'),'5',to_date('23-JAN-20','DD-MON-RR'),'dgfgf','gd','1','06-JAN-20','73','42',null,'Working');
Insert into XUSER.STATIONARY_DGH_USER (ID,CATEGORY,EMPLOYEE,DATE_OF_RECEIPT,QUANTITY,DATE_OF_ISSUE,ISSUER,REMARK,STATUS,CREATED_DATE,DEPT_ID,SUBCATEGORY,SUBCHILDCATEGORY,EMPLOYEE_STATUS) values ('4','ITEMS0200102212042','79614',to_date('01-JAN-01','DD-MON-RR'),'2',to_date('24-JAN-20','DD-MON-RR'),'sdaa','fasaf','1','06-JAN-20','73','41',null,'Working');
REM INSERTING into XUSER.STATIONARY_IT_ITEM_ADDED
SET DEFINE OFF;
Insert into XUSER.STATIONARY_IT_ITEM_ADDED (ID,CATEGORY,SUBCATEGORY,SUBCHILDCATEGORY,QUANTITY,STATUS,CREATED_DATE,CONTRACTID) values (44,'ITEMS0200112215201','2',null,'2','1','05-FEB-20','C200205010246');
Insert into XUSER.STATIONARY_IT_ITEM_ADDED (ID,CATEGORY,SUBCATEGORY,SUBCHILDCATEGORY,QUANTITY,STATUS,CREATED_DATE,CONTRACTID) values (45,'ITEMS0200110011345','1',null,'2','1','05-FEB-20','C200205010246');
Insert into XUSER.STATIONARY_IT_ITEM_ADDED (ID,CATEGORY,SUBCATEGORY,SUBCHILDCATEGORY,QUANTITY,STATUS,CREATED_DATE,CONTRACTID) values (49,'ITEMS0200205023815','22',null,'7','0','06-FEB-20','C200206010219');
Insert into XUSER.STATIONARY_IT_ITEM_ADDED (ID,CATEGORY,SUBCATEGORY,SUBCHILDCATEGORY,QUANTITY,STATUS,CREATED_DATE,CONTRACTID) values (50,'ITEMS0200205024025',null,null,'5','0','06-FEB-20','C200206010219');
Insert into XUSER.STATIONARY_IT_ITEM_ADDED (ID,CATEGORY,SUBCATEGORY,SUBCHILDCATEGORY,QUANTITY,STATUS,CREATED_DATE,CONTRACTID) values (38,'ITEMS0200110011345','1',null,'2','0','05-FEB-20','C200205010246');
Insert into XUSER.STATIONARY_IT_ITEM_ADDED (ID,CATEGORY,SUBCATEGORY,SUBCHILDCATEGORY,QUANTITY,STATUS,CREATED_DATE,CONTRACTID) values (39,'ITEMS0200112215201','2',null,'2','0','05-FEB-20','C200205010246');
Insert into XUSER.STATIONARY_IT_ITEM_ADDED (ID,CATEGORY,SUBCATEGORY,SUBCHILDCATEGORY,QUANTITY,STATUS,CREATED_DATE,CONTRACTID) values (42,'ITEMS0200110011345',null,null,'2','0','05-FEB-20','C200205010246');
Insert into XUSER.STATIONARY_IT_ITEM_ADDED (ID,CATEGORY,SUBCATEGORY,SUBCHILDCATEGORY,QUANTITY,STATUS,CREATED_DATE,CONTRACTID) values (43,'ITEMS0200112215201',null,null,'2','0','05-FEB-20','C200205010246');
Insert into XUSER.STATIONARY_IT_ITEM_ADDED (ID,CATEGORY,SUBCATEGORY,SUBCHILDCATEGORY,QUANTITY,STATUS,CREATED_DATE,CONTRACTID) values (40,'ITEMS0200112215201','2',null,'2','0','05-FEB-20','C200205010246');
Insert into XUSER.STATIONARY_IT_ITEM_ADDED (ID,CATEGORY,SUBCATEGORY,SUBCHILDCATEGORY,QUANTITY,STATUS,CREATED_DATE,CONTRACTID) values (41,'ITEMS0200110011345',null,null,'2','0','05-FEB-20','C200205010246');
Insert into XUSER.STATIONARY_IT_ITEM_ADDED (ID,CATEGORY,SUBCATEGORY,SUBCHILDCATEGORY,QUANTITY,STATUS,CREATED_DATE,CONTRACTID) values (51,'ITEMS0200205023815','21',null,'5','0','11-FEB-20','C200206010219');
Insert into XUSER.STATIONARY_IT_ITEM_ADDED (ID,CATEGORY,SUBCATEGORY,SUBCHILDCATEGORY,QUANTITY,STATUS,CREATED_DATE,CONTRACTID) values (52,'ITEMS0200211202206','26',null,'7','0','11-FEB-20','C200206010219');
Insert into XUSER.STATIONARY_IT_ITEM_ADDED (ID,CATEGORY,SUBCATEGORY,SUBCHILDCATEGORY,QUANTITY,STATUS,CREATED_DATE,CONTRACTID) values (46,'ITEMS0200205023815','21',null,'3','1','05-FEB-20','C200205100235');
Insert into XUSER.STATIONARY_IT_ITEM_ADDED (ID,CATEGORY,SUBCATEGORY,SUBCHILDCATEGORY,QUANTITY,STATUS,CREATED_DATE,CONTRACTID) values (47,'ITEMS0200205023815','22',null,'2','1','05-FEB-20','C200205100235');
Insert into XUSER.STATIONARY_IT_ITEM_ADDED (ID,CATEGORY,SUBCATEGORY,SUBCHILDCATEGORY,QUANTITY,STATUS,CREATED_DATE,CONTRACTID) values (48,'ITEMS0200205023815','25',null,'5','1','05-FEB-20','C200205100235');
Insert into XUSER.STATIONARY_IT_ITEM_ADDED (ID,CATEGORY,SUBCATEGORY,SUBCHILDCATEGORY,QUANTITY,STATUS,CREATED_DATE,CONTRACTID) values (53,'ITEMS0200211202206','26',null,'7','1','12-FEB-20','C200206010219');
Insert into XUSER.STATIONARY_IT_ITEM_ADDED (ID,CATEGORY,SUBCATEGORY,SUBCHILDCATEGORY,QUANTITY,STATUS,CREATED_DATE,CONTRACTID) values (54,'ITEMS0200205023815','21',null,'5','1','12-FEB-20','C200206010219');
REM INSERTING into XUSER.STATIONARY_IT_RECEIVED_ITEMS
SET DEFINE OFF;
Insert into XUSER.STATIONARY_IT_RECEIVED_ITEMS (ID,CONTRACTID,PUBLISHID,QUANTITY,CATEGORY,SUBCATEGORY,SUBCHILDCATEGORY,STATUS,CREATED_DATE,RECEIVEDQUANTITY,REMAINING,REMARKS) values (7,'C200205010246','1','2','5','1',null,'1',to_date('10-FEB-20','DD-MON-RR'),'1','1','fsdfsd');
Insert into XUSER.STATIONARY_IT_RECEIVED_ITEMS (ID,CONTRACTID,PUBLISHID,QUANTITY,CATEGORY,SUBCATEGORY,SUBCHILDCATEGORY,STATUS,CREATED_DATE,RECEIVEDQUANTITY,REMAINING,REMARKS) values (9,'C200206010219','2','7','23','26',null,'1',to_date('11-FEB-20','DD-MON-RR'),'2','5','asddas');
Insert into XUSER.STATIONARY_IT_RECEIVED_ITEMS (ID,CONTRACTID,PUBLISHID,QUANTITY,CATEGORY,SUBCATEGORY,SUBCHILDCATEGORY,STATUS,CREATED_DATE,RECEIVEDQUANTITY,REMAINING,REMARKS) values (10,'C200206010219','2','5','21','21',null,'1',to_date('11-FEB-20','DD-MON-RR'),'2','3','adad');
Insert into XUSER.STATIONARY_IT_RECEIVED_ITEMS (ID,CONTRACTID,PUBLISHID,QUANTITY,CATEGORY,SUBCATEGORY,SUBCHILDCATEGORY,STATUS,CREATED_DATE,RECEIVEDQUANTITY,REMAINING,REMARKS) values (8,'C200205010246','1','2','6','2',null,'1',to_date('10-FEB-20','DD-MON-RR'),'1','1','sdffsdsfd');
REM INSERTING into XUSER.STATIONARY_IT_RELEASE_ORDER
SET DEFINE OFF;
Insert into XUSER.STATIONARY_IT_RELEASE_ORDER (ID,RELEASEORDERID,CONTRACTID,STATUS,CREATED_DATE,SUBJECT,BODY,RECEIVEDBY,RECEIVEDDATE,SIGNATURE,CHALLANNO,CHALLANDATE,REMARKS,RECEIPTDATE) values (1,'RLORD200210090214','C200205010246','0',to_date('10-FEB-20','DD-MON-RR'),'gffgh','fhhh','fhhf',to_date('20-FEB-20','DD-MON-RR'),'hfh','sdsdfdf',to_date('04-FEB-20','DD-MON-RR'),'sdfsdf',to_date('21-FEB-20','DD-MON-RR'));
Insert into XUSER.STATIONARY_IT_RELEASE_ORDER (ID,RELEASEORDERID,CONTRACTID,STATUS,CREATED_DATE,SUBJECT,BODY,RECEIVEDBY,RECEIVEDDATE,SIGNATURE,CHALLANNO,CHALLANDATE,REMARKS,RECEIPTDATE) values (2,'RLORD200211080235','C200206010219','1',to_date('11-FEB-20','DD-MON-RR'),'dsdf','sdfsdf','sdffsd',to_date('19-FEB-20','DD-MON-RR'),'sdfdfs','svsd',to_date('04-FEB-20','DD-MON-RR'),'sdvvsdds',to_date('12-FEB-20','DD-MON-RR'));
REM INSERTING into XUSER.STATIONARY_IT_REQUEST
SET DEFINE OFF;
Insert into XUSER.STATIONARY_IT_REQUEST (ID,USERID,ISSUEID,REMARKS,STATUS,CREATED_DATE) values (1,null,'ISSUE200211100206',null,'1',to_date('11-FEB-20','DD-MON-RR'));
REM INSERTING into XUSER.STATIONARY_IT_REQUEST_QUANTITY
SET DEFINE OFF;
Insert into XUSER.STATIONARY_IT_REQUEST_QUANTITY (ID,CATEGORY,SUBCATEGORY,SUBCHILDCATEGORY,STATUS,CREATED_DATE,QUANTITY,REMARKS,ISSUEID) values ('1','ITEMS0200205023815','21',null,'1','11-FEB-20','3',null,'ISSUE200211100206');
Insert into XUSER.STATIONARY_IT_REQUEST_QUANTITY (ID,CATEGORY,SUBCATEGORY,SUBCHILDCATEGORY,STATUS,CREATED_DATE,QUANTITY,REMARKS,ISSUEID) values ('2','ITEMS0200211202206','26',null,'1','11-FEB-20','1',null,'ISSUE200211100206');
REM INSERTING into XUSER.STATIONARY_IT_VENDOR_DETAILS
SET DEFINE OFF;
Insert into XUSER.STATIONARY_IT_VENDOR_DETAILS (ID,VENDORNAME,ADDRESS,PHONENO,STATUS,CREATED_DATE,APPTYPE) values ('1','sfafcxxcxc','qqwqwddfdfffffffff','1111111111111','0','05-FEB-20',null);
Insert into XUSER.STATIONARY_IT_VENDOR_DETAILS (ID,VENDORNAME,ADDRESS,PHONENO,STATUS,CREATED_DATE,APPTYPE) values ('2','dghgghfgfg','bddggf','54444444444','1','05-FEB-20','IT');
REM INSERTING into XUSER.STATIONARY_MATERIAL
SET DEFINE OFF;
Insert into XUSER.STATIONARY_MATERIAL (ID,ITEMS_DESCRIPTION,STATUS,CREATED_DATE,TYPE,ITEMCODE,APPTYPE) values (27,'Letter Head (DGH) Executive Bond Paper Screen Printing  D.C. (A4) size Pad of 100 loose Sheets ','1','26-DEC-19','Stationary','ITEMP0191226201956','1');
Insert into XUSER.STATIONARY_MATERIAL (ID,ITEMS_DESCRIPTION,STATUS,CREATED_DATE,TYPE,ITEMCODE,APPTYPE) values (41,'Paper Cutter','1','02-JAN-20','Stationary','ITEMS0200102212042','1');
Insert into XUSER.STATIONARY_MATERIAL (ID,ITEMS_DESCRIPTION,STATUS,CREATED_DATE,TYPE,ITEMCODE,APPTYPE) values (21,'Pen Drive','1','05-FEB-20','IT','ITEMS0200205023815','2');
Insert into XUSER.STATIONARY_MATERIAL (ID,ITEMS_DESCRIPTION,STATUS,CREATED_DATE,TYPE,ITEMCODE,APPTYPE) values (22,'Cartridges','1','05-FEB-20','IT','ITEMS0200205024025','2');
Insert into XUSER.STATIONARY_MATERIAL (ID,ITEMS_DESCRIPTION,STATUS,CREATED_DATE,TYPE,ITEMCODE,APPTYPE) values (23,'Printer','1','11-FEB-20','IT','ITEMS0200211202206','2');
Insert into XUSER.STATIONARY_MATERIAL (ID,ITEMS_DESCRIPTION,STATUS,CREATED_DATE,TYPE,ITEMCODE,APPTYPE) values (24,'Pen','1','26-DEC-19','Stationary','ITEMS0191226004805','1');
Insert into XUSER.STATIONARY_MATERIAL (ID,ITEMS_DESCRIPTION,STATUS,CREATED_DATE,TYPE,ITEMCODE,APPTYPE) values (25,'Regiser Dispatch','1','26-DEC-19','Stationary','ITEMS0191226004829','1');
REM INSERTING into XUSER.STATIONARY_PRINT_REPOSITORY
SET DEFINE OFF;
REM INSERTING into XUSER.STATIONARY_RECEIVED_ITEMS
SET DEFINE OFF;
Insert into XUSER.STATIONARY_RECEIVED_ITEMS (ID,ITEMID,TOTAL_ITEM_RECEIVED,TIMEOFRECEIVED,DATEOFRECEIVED,STATUS,CREATED_DATE,ITEM_TYPE) values (34,'37','5','12:00 AM',to_date('24-JAN-20','DD-MON-RR'),'0',to_date('01-JAN-20','DD-MON-RR'),'Stationary');
Insert into XUSER.STATIONARY_RECEIVED_ITEMS (ID,ITEMID,TOTAL_ITEM_RECEIVED,TIMEOFRECEIVED,DATEOFRECEIVED,STATUS,CREATED_DATE,ITEM_TYPE) values (37,'37','5','12:00 AM',to_date('24-JAN-20','DD-MON-RR'),'0',to_date('01-JAN-20','DD-MON-RR'),'Stationary');
Insert into XUSER.STATIONARY_RECEIVED_ITEMS (ID,ITEMID,TOTAL_ITEM_RECEIVED,TIMEOFRECEIVED,DATEOFRECEIVED,STATUS,CREATED_DATE,ITEM_TYPE) values (38,'37','3','6:00 AM',to_date('31-JAN-20','DD-MON-RR'),'0',to_date('01-JAN-20','DD-MON-RR'),'Stationary');
Insert into XUSER.STATIONARY_RECEIVED_ITEMS (ID,ITEMID,TOTAL_ITEM_RECEIVED,TIMEOFRECEIVED,DATEOFRECEIVED,STATUS,CREATED_DATE,ITEM_TYPE) values (61,'37','3','12:00 AM',to_date('22-JAN-20','DD-MON-RR'),'1',to_date('02-JAN-20','DD-MON-RR'),'Stationary');
Insert into XUSER.STATIONARY_RECEIVED_ITEMS (ID,ITEMID,TOTAL_ITEM_RECEIVED,TIMEOFRECEIVED,DATEOFRECEIVED,STATUS,CREATED_DATE,ITEM_TYPE) values (62,'37','2','12:00 AM',to_date('30-JAN-20','DD-MON-RR'),'1',to_date('02-JAN-20','DD-MON-RR'),'Stationary');
Insert into XUSER.STATIONARY_RECEIVED_ITEMS (ID,ITEMID,TOTAL_ITEM_RECEIVED,TIMEOFRECEIVED,DATEOFRECEIVED,STATUS,CREATED_DATE,ITEM_TYPE) values (65,'38','1','12:00 AM',to_date('22-JAN-20','DD-MON-RR'),'1',to_date('02-JAN-20','DD-MON-RR'),'Stationary');
Insert into XUSER.STATIONARY_RECEIVED_ITEMS (ID,ITEMID,TOTAL_ITEM_RECEIVED,TIMEOFRECEIVED,DATEOFRECEIVED,STATUS,CREATED_DATE,ITEM_TYPE) values (69,'40','2','12:00 AM',to_date('29-JAN-20','DD-MON-RR'),'0',to_date('02-JAN-20','DD-MON-RR'),'Stationary');
Insert into XUSER.STATIONARY_RECEIVED_ITEMS (ID,ITEMID,TOTAL_ITEM_RECEIVED,TIMEOFRECEIVED,DATEOFRECEIVED,STATUS,CREATED_DATE,ITEM_TYPE) values (70,'40','1','12:00 AM',to_date('23-JAN-20','DD-MON-RR'),'0',to_date('02-JAN-20','DD-MON-RR'),'Stationary');
Insert into XUSER.STATIONARY_RECEIVED_ITEMS (ID,ITEMID,TOTAL_ITEM_RECEIVED,TIMEOFRECEIVED,DATEOFRECEIVED,STATUS,CREATED_DATE,ITEM_TYPE) values (75,'41','1','12:00 AM',to_date('24-JAN-20','DD-MON-RR'),'1',to_date('02-JAN-20','DD-MON-RR'),'Stationary');
Insert into XUSER.STATIONARY_RECEIVED_ITEMS (ID,ITEMID,TOTAL_ITEM_RECEIVED,TIMEOFRECEIVED,DATEOFRECEIVED,STATUS,CREATED_DATE,ITEM_TYPE) values (76,'41','2','12:00 AM',to_date('29-JAN-20','DD-MON-RR'),'1',to_date('02-JAN-20','DD-MON-RR'),'Stationary');
Insert into XUSER.STATIONARY_RECEIVED_ITEMS (ID,ITEMID,TOTAL_ITEM_RECEIVED,TIMEOFRECEIVED,DATEOFRECEIVED,STATUS,CREATED_DATE,ITEM_TYPE) values (79,'42','3','12:00 AM',to_date('25-JAN-20','DD-MON-RR'),'0',to_date('02-JAN-20','DD-MON-RR'),'Stationary');
Insert into XUSER.STATIONARY_RECEIVED_ITEMS (ID,ITEMID,TOTAL_ITEM_RECEIVED,TIMEOFRECEIVED,DATEOFRECEIVED,STATUS,CREATED_DATE,ITEM_TYPE) values (104,'46','30','7:00 AM',to_date('21-JAN-20','DD-MON-RR'),'1',to_date('06-JAN-20','DD-MON-RR'),'Stationary');
Insert into XUSER.STATIONARY_RECEIVED_ITEMS (ID,ITEMID,TOTAL_ITEM_RECEIVED,TIMEOFRECEIVED,DATEOFRECEIVED,STATUS,CREATED_DATE,ITEM_TYPE) values (95,'46','30','7:00 AM',to_date('21-JAN-20','DD-MON-RR'),'0',to_date('02-JAN-20','DD-MON-RR'),'Stationary');
Insert into XUSER.STATIONARY_RECEIVED_ITEMS (ID,ITEMID,TOTAL_ITEM_RECEIVED,TIMEOFRECEIVED,DATEOFRECEIVED,STATUS,CREATED_DATE,ITEM_TYPE) values (96,'46','5','4:00 AM',to_date('23-JAN-20','DD-MON-RR'),'0',to_date('02-JAN-20','DD-MON-RR'),'Stationary');
Insert into XUSER.STATIONARY_RECEIVED_ITEMS (ID,ITEMID,TOTAL_ITEM_RECEIVED,TIMEOFRECEIVED,DATEOFRECEIVED,STATUS,CREATED_DATE,ITEM_TYPE) values (105,'46','5','4:00 AM',to_date('23-JAN-20','DD-MON-RR'),'1',to_date('06-JAN-20','DD-MON-RR'),'Stationary');
Insert into XUSER.STATIONARY_RECEIVED_ITEMS (ID,ITEMID,TOTAL_ITEM_RECEIVED,TIMEOFRECEIVED,DATEOFRECEIVED,STATUS,CREATED_DATE,ITEM_TYPE) values (113,'52','2','12:00 AM',to_date('14-JAN-20','DD-MON-RR'),'1',to_date('13-JAN-20','DD-MON-RR'),'Stationary');
Insert into XUSER.STATIONARY_RECEIVED_ITEMS (ID,ITEMID,TOTAL_ITEM_RECEIVED,TIMEOFRECEIVED,DATEOFRECEIVED,STATUS,CREATED_DATE,ITEM_TYPE) values (114,'52','20','12:00 AM',to_date('08-JAN-20','DD-MON-RR'),'1',to_date('13-JAN-20','DD-MON-RR'),'Stationary');
Insert into XUSER.STATIONARY_RECEIVED_ITEMS (ID,ITEMID,TOTAL_ITEM_RECEIVED,TIMEOFRECEIVED,DATEOFRECEIVED,STATUS,CREATED_DATE,ITEM_TYPE) values (35,'37','5','12:00 AM',to_date('24-JAN-20','DD-MON-RR'),'0',to_date('01-JAN-20','DD-MON-RR'),'Stationary');
Insert into XUSER.STATIONARY_RECEIVED_ITEMS (ID,ITEMID,TOTAL_ITEM_RECEIVED,TIMEOFRECEIVED,DATEOFRECEIVED,STATUS,CREATED_DATE,ITEM_TYPE) values (36,'37','3','6:00 AM',to_date('31-JAN-20','DD-MON-RR'),'0',to_date('01-JAN-20','DD-MON-RR'),'Stationary');
Insert into XUSER.STATIONARY_RECEIVED_ITEMS (ID,ITEMID,TOTAL_ITEM_RECEIVED,TIMEOFRECEIVED,DATEOFRECEIVED,STATUS,CREATED_DATE,ITEM_TYPE) values (41,'37','5','12:00 AM',to_date('24-JAN-20','DD-MON-RR'),'0',to_date('01-JAN-20','DD-MON-RR'),'Stationary');
Insert into XUSER.STATIONARY_RECEIVED_ITEMS (ID,ITEMID,TOTAL_ITEM_RECEIVED,TIMEOFRECEIVED,DATEOFRECEIVED,STATUS,CREATED_DATE,ITEM_TYPE) values (42,'37','3','6:00 AM',to_date('31-JAN-20','DD-MON-RR'),'0',to_date('01-JAN-20','DD-MON-RR'),'Stationary');
Insert into XUSER.STATIONARY_RECEIVED_ITEMS (ID,ITEMID,TOTAL_ITEM_RECEIVED,TIMEOFRECEIVED,DATEOFRECEIVED,STATUS,CREATED_DATE,ITEM_TYPE) values (43,'37','5','12:00 AM',to_date('24-JAN-20','DD-MON-RR'),'0',to_date('01-JAN-20','DD-MON-RR'),'Stationary');
Insert into XUSER.STATIONARY_RECEIVED_ITEMS (ID,ITEMID,TOTAL_ITEM_RECEIVED,TIMEOFRECEIVED,DATEOFRECEIVED,STATUS,CREATED_DATE,ITEM_TYPE) values (44,'37','3','6:00 AM',to_date('31-JAN-20','DD-MON-RR'),'0',to_date('01-JAN-20','DD-MON-RR'),'Stationary');
Insert into XUSER.STATIONARY_RECEIVED_ITEMS (ID,ITEMID,TOTAL_ITEM_RECEIVED,TIMEOFRECEIVED,DATEOFRECEIVED,STATUS,CREATED_DATE,ITEM_TYPE) values (45,'37','5','12:00 AM',to_date('24-JAN-20','DD-MON-RR'),'0',to_date('01-JAN-20','DD-MON-RR'),'Stationary');
Insert into XUSER.STATIONARY_RECEIVED_ITEMS (ID,ITEMID,TOTAL_ITEM_RECEIVED,TIMEOFRECEIVED,DATEOFRECEIVED,STATUS,CREATED_DATE,ITEM_TYPE) values (46,'37','3','6:00 AM',to_date('31-JAN-20','DD-MON-RR'),'0',to_date('01-JAN-20','DD-MON-RR'),'Stationary');
Insert into XUSER.STATIONARY_RECEIVED_ITEMS (ID,ITEMID,TOTAL_ITEM_RECEIVED,TIMEOFRECEIVED,DATEOFRECEIVED,STATUS,CREATED_DATE,ITEM_TYPE) values (47,'37','5','12:00 AM',to_date('24-JAN-20','DD-MON-RR'),'0',to_date('01-JAN-20','DD-MON-RR'),'Stationary');
Insert into XUSER.STATIONARY_RECEIVED_ITEMS (ID,ITEMID,TOTAL_ITEM_RECEIVED,TIMEOFRECEIVED,DATEOFRECEIVED,STATUS,CREATED_DATE,ITEM_TYPE) values (48,'37','0','6:00 AM',to_date('31-JAN-20','DD-MON-RR'),'0',to_date('01-JAN-20','DD-MON-RR'),'Stationary');
Insert into XUSER.STATIONARY_RECEIVED_ITEMS (ID,ITEMID,TOTAL_ITEM_RECEIVED,TIMEOFRECEIVED,DATEOFRECEIVED,STATUS,CREATED_DATE,ITEM_TYPE) values (51,'37','3','12:00 AM',to_date('31-JAN-20','DD-MON-RR'),'0',to_date('01-JAN-20','DD-MON-RR'),'Stationary');
Insert into XUSER.STATIONARY_RECEIVED_ITEMS (ID,ITEMID,TOTAL_ITEM_RECEIVED,TIMEOFRECEIVED,DATEOFRECEIVED,STATUS,CREATED_DATE,ITEM_TYPE) values (91,'45','2','12:00 AM',to_date('24-JAN-20','DD-MON-RR'),'0',to_date('02-JAN-20','DD-MON-RR'),'Stationary');
Insert into XUSER.STATIONARY_RECEIVED_ITEMS (ID,ITEMID,TOTAL_ITEM_RECEIVED,TIMEOFRECEIVED,DATEOFRECEIVED,STATUS,CREATED_DATE,ITEM_TYPE) values (53,'24','2','12:00 AM',to_date('24-JAN-20','DD-MON-RR'),'1',to_date('01-JAN-20','DD-MON-RR'),'Stationary');
Insert into XUSER.STATIONARY_RECEIVED_ITEMS (ID,ITEMID,TOTAL_ITEM_RECEIVED,TIMEOFRECEIVED,DATEOFRECEIVED,STATUS,CREATED_DATE,ITEM_TYPE) values (54,'24','2','12:00 AM',to_date('31-JAN-20','DD-MON-RR'),'1',to_date('01-JAN-20','DD-MON-RR'),'Stationary');
Insert into XUSER.STATIONARY_RECEIVED_ITEMS (ID,ITEMID,TOTAL_ITEM_RECEIVED,TIMEOFRECEIVED,DATEOFRECEIVED,STATUS,CREATED_DATE,ITEM_TYPE) values (97,'47','50','8:00 AM',to_date('21-JAN-20','DD-MON-RR'),'0',to_date('02-JAN-20','DD-MON-RR'),'Stationary');
Insert into XUSER.STATIONARY_RECEIVED_ITEMS (ID,ITEMID,TOTAL_ITEM_RECEIVED,TIMEOFRECEIVED,DATEOFRECEIVED,STATUS,CREATED_DATE,ITEM_TYPE) values (63,'38','1','12:00 AM',to_date('22-JAN-20','DD-MON-RR'),'0',to_date('02-JAN-20','DD-MON-RR'),'Stationary');
Insert into XUSER.STATIONARY_RECEIVED_ITEMS (ID,ITEMID,TOTAL_ITEM_RECEIVED,TIMEOFRECEIVED,DATEOFRECEIVED,STATUS,CREATED_DATE,ITEM_TYPE) values (64,'38','3','12:00 AM',to_date('30-JAN-20','DD-MON-RR'),'0',to_date('02-JAN-20','DD-MON-RR'),'Stationary');
Insert into XUSER.STATIONARY_RECEIVED_ITEMS (ID,ITEMID,TOTAL_ITEM_RECEIVED,TIMEOFRECEIVED,DATEOFRECEIVED,STATUS,CREATED_DATE,ITEM_TYPE) values (73,'41','1','12:00 AM',to_date('24-JAN-20','DD-MON-RR'),'0',to_date('02-JAN-20','DD-MON-RR'),'Stationary');
Insert into XUSER.STATIONARY_RECEIVED_ITEMS (ID,ITEMID,TOTAL_ITEM_RECEIVED,TIMEOFRECEIVED,DATEOFRECEIVED,STATUS,CREATED_DATE,ITEM_TYPE) values (74,'41','2','12:00 AM',to_date('29-JAN-20','DD-MON-RR'),'0',to_date('02-JAN-20','DD-MON-RR'),'Stationary');
Insert into XUSER.STATIONARY_RECEIVED_ITEMS (ID,ITEMID,TOTAL_ITEM_RECEIVED,TIMEOFRECEIVED,DATEOFRECEIVED,STATUS,CREATED_DATE,ITEM_TYPE) values (77,'42','3','12:00 AM',to_date('25-JAN-20','DD-MON-RR'),'0',to_date('02-JAN-20','DD-MON-RR'),'Stationary');
Insert into XUSER.STATIONARY_RECEIVED_ITEMS (ID,ITEMID,TOTAL_ITEM_RECEIVED,TIMEOFRECEIVED,DATEOFRECEIVED,STATUS,CREATED_DATE,ITEM_TYPE) values (78,'42','3','12:00 AM',to_date('25-JAN-20','DD-MON-RR'),'0',to_date('02-JAN-20','DD-MON-RR'),'Stationary');
Insert into XUSER.STATIONARY_RECEIVED_ITEMS (ID,ITEMID,TOTAL_ITEM_RECEIVED,TIMEOFRECEIVED,DATEOFRECEIVED,STATUS,CREATED_DATE,ITEM_TYPE) values (80,'43','3','12:00 AM',to_date('25-JAN-20','DD-MON-RR'),'0',to_date('02-JAN-20','DD-MON-RR'),'Stationary');
Insert into XUSER.STATIONARY_RECEIVED_ITEMS (ID,ITEMID,TOTAL_ITEM_RECEIVED,TIMEOFRECEIVED,DATEOFRECEIVED,STATUS,CREATED_DATE,ITEM_TYPE) values (81,'43','3','12:00 AM',to_date('29-JAN-20','DD-MON-RR'),'0',to_date('02-JAN-20','DD-MON-RR'),'Stationary');
Insert into XUSER.STATIONARY_RECEIVED_ITEMS (ID,ITEMID,TOTAL_ITEM_RECEIVED,TIMEOFRECEIVED,DATEOFRECEIVED,STATUS,CREATED_DATE,ITEM_TYPE) values (88,'44','2','6:00 AM',to_date('31-JAN-20','DD-MON-RR'),'1',to_date('02-JAN-20','DD-MON-RR'),'Stationary');
Insert into XUSER.STATIONARY_RECEIVED_ITEMS (ID,ITEMID,TOTAL_ITEM_RECEIVED,TIMEOFRECEIVED,DATEOFRECEIVED,STATUS,CREATED_DATE,ITEM_TYPE) values (39,'37','5','12:00 AM',to_date('24-JAN-20','DD-MON-RR'),'0',to_date('01-JAN-20','DD-MON-RR'),'Stationary');
Insert into XUSER.STATIONARY_RECEIVED_ITEMS (ID,ITEMID,TOTAL_ITEM_RECEIVED,TIMEOFRECEIVED,DATEOFRECEIVED,STATUS,CREATED_DATE,ITEM_TYPE) values (40,'37','3','6:00 AM',to_date('31-JAN-20','DD-MON-RR'),'0',to_date('01-JAN-20','DD-MON-RR'),'Stationary');
Insert into XUSER.STATIONARY_RECEIVED_ITEMS (ID,ITEMID,TOTAL_ITEM_RECEIVED,TIMEOFRECEIVED,DATEOFRECEIVED,STATUS,CREATED_DATE,ITEM_TYPE) values (49,'37','1','12:00 AM',to_date('24-JAN-20','DD-MON-RR'),'0',to_date('01-JAN-20','DD-MON-RR'),'Stationary');
Insert into XUSER.STATIONARY_RECEIVED_ITEMS (ID,ITEMID,TOTAL_ITEM_RECEIVED,TIMEOFRECEIVED,DATEOFRECEIVED,STATUS,CREATED_DATE,ITEM_TYPE) values (50,'37','4','6:00 AM',to_date('31-JAN-20','DD-MON-RR'),'0',to_date('01-JAN-20','DD-MON-RR'),'Stationary');
Insert into XUSER.STATIONARY_RECEIVED_ITEMS (ID,ITEMID,TOTAL_ITEM_RECEIVED,TIMEOFRECEIVED,DATEOFRECEIVED,STATUS,CREATED_DATE,ITEM_TYPE) values (100,'43','3','12:00 AM',to_date('25-JAN-20','DD-MON-RR'),'1',to_date('06-JAN-20','DD-MON-RR'),'Stationary');
Insert into XUSER.STATIONARY_RECEIVED_ITEMS (ID,ITEMID,TOTAL_ITEM_RECEIVED,TIMEOFRECEIVED,DATEOFRECEIVED,STATUS,CREATED_DATE,ITEM_TYPE) values (101,'43','2','12:00 AM',to_date('29-JAN-20','DD-MON-RR'),'1',to_date('06-JAN-20','DD-MON-RR'),'Stationary');
Insert into XUSER.STATIONARY_RECEIVED_ITEMS (ID,ITEMID,TOTAL_ITEM_RECEIVED,TIMEOFRECEIVED,DATEOFRECEIVED,STATUS,CREATED_DATE,ITEM_TYPE) values (106,'45','2','12:00 AM',to_date('24-JAN-20','DD-MON-RR'),'1',to_date('06-JAN-20','DD-MON-RR'),'Stationary');
Insert into XUSER.STATIONARY_RECEIVED_ITEMS (ID,ITEMID,TOTAL_ITEM_RECEIVED,TIMEOFRECEIVED,DATEOFRECEIVED,STATUS,CREATED_DATE,ITEM_TYPE) values (107,'48','20','12:00 AM',to_date('15-JAN-20','DD-MON-RR'),'1',to_date('06-JAN-20','DD-MON-RR'),'Stationary');
Insert into XUSER.STATIONARY_RECEIVED_ITEMS (ID,ITEMID,TOTAL_ITEM_RECEIVED,TIMEOFRECEIVED,DATEOFRECEIVED,STATUS,CREATED_DATE,ITEM_TYPE) values (108,'48','2','12:00 AM',to_date('15-JAN-20','DD-MON-RR'),'1',to_date('06-JAN-20','DD-MON-RR'),'Stationary');
Insert into XUSER.STATIONARY_RECEIVED_ITEMS (ID,ITEMID,TOTAL_ITEM_RECEIVED,TIMEOFRECEIVED,DATEOFRECEIVED,STATUS,CREATED_DATE,ITEM_TYPE) values (32,'36','4','12:00 AM',to_date('30-JAN-20','DD-MON-RR'),'1',to_date('01-JAN-20','DD-MON-RR'),'Stationary');
Insert into XUSER.STATIONARY_RECEIVED_ITEMS (ID,ITEMID,TOTAL_ITEM_RECEIVED,TIMEOFRECEIVED,DATEOFRECEIVED,STATUS,CREATED_DATE,ITEM_TYPE) values (33,'36','4','12:00 AM',to_date('31-JAN-20','DD-MON-RR'),'1',to_date('01-JAN-20','DD-MON-RR'),'Stationary');
Insert into XUSER.STATIONARY_RECEIVED_ITEMS (ID,ITEMID,TOTAL_ITEM_RECEIVED,TIMEOFRECEIVED,DATEOFRECEIVED,STATUS,CREATED_DATE,ITEM_TYPE) values (93,'46','20','7:00 AM',to_date('21-JAN-20','DD-MON-RR'),'0',to_date('02-JAN-20','DD-MON-RR'),'Stationary');
Insert into XUSER.STATIONARY_RECEIVED_ITEMS (ID,ITEMID,TOTAL_ITEM_RECEIVED,TIMEOFRECEIVED,DATEOFRECEIVED,STATUS,CREATED_DATE,ITEM_TYPE) values (94,'46','5','4:00 AM',to_date('23-JAN-20','DD-MON-RR'),'0',to_date('02-JAN-20','DD-MON-RR'),'Stationary');
Insert into XUSER.STATIONARY_RECEIVED_ITEMS (ID,ITEMID,TOTAL_ITEM_RECEIVED,TIMEOFRECEIVED,DATEOFRECEIVED,STATUS,CREATED_DATE,ITEM_TYPE) values (102,'42','3','12:00 AM',to_date('25-JAN-20','DD-MON-RR'),'1',to_date('06-JAN-20','DD-MON-RR'),'Stationary');
Insert into XUSER.STATIONARY_RECEIVED_ITEMS (ID,ITEMID,TOTAL_ITEM_RECEIVED,TIMEOFRECEIVED,DATEOFRECEIVED,STATUS,CREATED_DATE,ITEM_TYPE) values (103,'47','50','8:00 AM',to_date('21-JAN-20','DD-MON-RR'),'1',to_date('06-JAN-20','DD-MON-RR'),'Stationary');
Insert into XUSER.STATIONARY_RECEIVED_ITEMS (ID,ITEMID,TOTAL_ITEM_RECEIVED,TIMEOFRECEIVED,DATEOFRECEIVED,STATUS,CREATED_DATE,ITEM_TYPE) values (86,'30','2','12:00 AM',to_date('30-JAN-20','DD-MON-RR'),'0',to_date('02-JAN-20','DD-MON-RR'),'Print');
Insert into XUSER.STATIONARY_RECEIVED_ITEMS (ID,ITEMID,TOTAL_ITEM_RECEIVED,TIMEOFRECEIVED,DATEOFRECEIVED,STATUS,CREATED_DATE,ITEM_TYPE) values (87,'30','1','12:00 AM',to_date('30-JAN-20','DD-MON-RR'),'0',to_date('02-JAN-20','DD-MON-RR'),'Print');
Insert into XUSER.STATIONARY_RECEIVED_ITEMS (ID,ITEMID,TOTAL_ITEM_RECEIVED,TIMEOFRECEIVED,DATEOFRECEIVED,STATUS,CREATED_DATE,ITEM_TYPE) values (109,'49','1','7:00 AM',to_date('14-JAN-20','DD-MON-RR'),'1',to_date('06-JAN-20','DD-MON-RR'),'Stationary');
Insert into XUSER.STATIONARY_RECEIVED_ITEMS (ID,ITEMID,TOTAL_ITEM_RECEIVED,TIMEOFRECEIVED,DATEOFRECEIVED,STATUS,CREATED_DATE,ITEM_TYPE) values (110,'49','19','12:00 AM',to_date('15-JAN-20','DD-MON-RR'),'1',to_date('06-JAN-20','DD-MON-RR'),'Stationary');
Insert into XUSER.STATIONARY_RECEIVED_ITEMS (ID,ITEMID,TOTAL_ITEM_RECEIVED,TIMEOFRECEIVED,DATEOFRECEIVED,STATUS,CREATED_DATE,ITEM_TYPE) values (111,'51','2','12:00 AM',to_date('23-JAN-20','DD-MON-RR'),'1',to_date('13-JAN-20','DD-MON-RR'),'Stationary');
Insert into XUSER.STATIONARY_RECEIVED_ITEMS (ID,ITEMID,TOTAL_ITEM_RECEIVED,TIMEOFRECEIVED,DATEOFRECEIVED,STATUS,CREATED_DATE,ITEM_TYPE) values (112,'51','2','6:00 AM',to_date('22-JAN-20','DD-MON-RR'),'1',to_date('13-JAN-20','DD-MON-RR'),'Stationary');
Insert into XUSER.STATIONARY_RECEIVED_ITEMS (ID,ITEMID,TOTAL_ITEM_RECEIVED,TIMEOFRECEIVED,DATEOFRECEIVED,STATUS,CREATED_DATE,ITEM_TYPE) values (66,'39','1','12:00 AM',to_date('17-JAN-20','DD-MON-RR'),'0',to_date('02-JAN-20','DD-MON-RR'),'Stationary');
Insert into XUSER.STATIONARY_RECEIVED_ITEMS (ID,ITEMID,TOTAL_ITEM_RECEIVED,TIMEOFRECEIVED,DATEOFRECEIVED,STATUS,CREATED_DATE,ITEM_TYPE) values (67,'39','3','12:00 AM',to_date('25-JAN-20','DD-MON-RR'),'0',to_date('02-JAN-20','DD-MON-RR'),'Stationary');
Insert into XUSER.STATIONARY_RECEIVED_ITEMS (ID,ITEMID,TOTAL_ITEM_RECEIVED,TIMEOFRECEIVED,DATEOFRECEIVED,STATUS,CREATED_DATE,ITEM_TYPE) values (68,'39','1','12:00 AM',to_date('17-JAN-20','DD-MON-RR'),'1',to_date('02-JAN-20','DD-MON-RR'),'Stationary');
Insert into XUSER.STATIONARY_RECEIVED_ITEMS (ID,ITEMID,TOTAL_ITEM_RECEIVED,TIMEOFRECEIVED,DATEOFRECEIVED,STATUS,CREATED_DATE,ITEM_TYPE) values (71,'40','2','12:00 AM',to_date('29-JAN-20','DD-MON-RR'),'1',to_date('02-JAN-20','DD-MON-RR'),'Stationary');
Insert into XUSER.STATIONARY_RECEIVED_ITEMS (ID,ITEMID,TOTAL_ITEM_RECEIVED,TIMEOFRECEIVED,DATEOFRECEIVED,STATUS,CREATED_DATE,ITEM_TYPE) values (72,'40','1','12:00 AM',to_date('23-JAN-20','DD-MON-RR'),'1',to_date('02-JAN-20','DD-MON-RR'),'Stationary');
Insert into XUSER.STATIONARY_RECEIVED_ITEMS (ID,ITEMID,TOTAL_ITEM_RECEIVED,TIMEOFRECEIVED,DATEOFRECEIVED,STATUS,CREATED_DATE,ITEM_TYPE) values (85,'44','2','6:00 AM',to_date('31-JAN-20','DD-MON-RR'),'0',to_date('02-JAN-20','DD-MON-RR'),'Stationary');
Insert into XUSER.STATIONARY_RECEIVED_ITEMS (ID,ITEMID,TOTAL_ITEM_RECEIVED,TIMEOFRECEIVED,DATEOFRECEIVED,STATUS,CREATED_DATE,ITEM_TYPE) values (89,'43','3','12:00 AM',to_date('25-JAN-20','DD-MON-RR'),'0',to_date('02-JAN-20','DD-MON-RR'),'Stationary');
Insert into XUSER.STATIONARY_RECEIVED_ITEMS (ID,ITEMID,TOTAL_ITEM_RECEIVED,TIMEOFRECEIVED,DATEOFRECEIVED,STATUS,CREATED_DATE,ITEM_TYPE) values (90,'43','2','12:00 AM',to_date('29-JAN-20','DD-MON-RR'),'0',to_date('02-JAN-20','DD-MON-RR'),'Stationary');
Insert into XUSER.STATIONARY_RECEIVED_ITEMS (ID,ITEMID,TOTAL_ITEM_RECEIVED,TIMEOFRECEIVED,DATEOFRECEIVED,STATUS,CREATED_DATE,ITEM_TYPE) values (92,'46','20','7:00 AM',to_date('21-JAN-20','DD-MON-RR'),'0',to_date('02-JAN-20','DD-MON-RR'),'Stationary');
Insert into XUSER.STATIONARY_RECEIVED_ITEMS (ID,ITEMID,TOTAL_ITEM_RECEIVED,TIMEOFRECEIVED,DATEOFRECEIVED,STATUS,CREATED_DATE,ITEM_TYPE) values (98,'30','3','12:00 AM',to_date('30-JAN-20','DD-MON-RR'),'1',to_date('02-JAN-20','DD-MON-RR'),'Print');
Insert into XUSER.STATIONARY_RECEIVED_ITEMS (ID,ITEMID,TOTAL_ITEM_RECEIVED,TIMEOFRECEIVED,DATEOFRECEIVED,STATUS,CREATED_DATE,ITEM_TYPE) values (99,'30','1','12:00 AM',to_date('30-JAN-20','DD-MON-RR'),'1',to_date('02-JAN-20','DD-MON-RR'),'Print');
REM INSERTING into XUSER.STATIONARY_REPOSITORY
SET DEFINE OFF;
Insert into XUSER.STATIONARY_REPOSITORY (ID,CATEGORY,COMPANY,ESTIMATED_QUANTITY,UNIT,BASIC_AMOUNT,GST,TOTAL_ITEM_ORDER,TOTAL_ITEM_RECEIVED,DATEOFRECEIVED,STATUS,CREATED_DATE,DATEOFORDER,SUBCATEGORY,SUBCHILDCATEGORY,TIMEOFORDER,TIMEOFRECEIVED) values ('51','ITEMS0200102212042','41','2','61','2','2','4',null,to_date('01-JAN-01','DD-MON-RR'),'1','13-JAN-20',to_date('20-JAN-20','DD-MON-RR'),'42',null,'6:00 AM',null);
Insert into XUSER.STATIONARY_REPOSITORY (ID,CATEGORY,COMPANY,ESTIMATED_QUANTITY,UNIT,BASIC_AMOUNT,GST,TOTAL_ITEM_ORDER,TOTAL_ITEM_RECEIVED,DATEOFRECEIVED,STATUS,CREATED_DATE,DATEOFORDER,SUBCATEGORY,SUBCHILDCATEGORY,TIMEOFORDER,TIMEOFRECEIVED) values ('48','ITEMS0200102212042','41','2','61','67','2','22',null,to_date('01-JAN-01','DD-MON-RR'),'1','06-JAN-20',to_date('21-JAN-20','DD-MON-RR'),'42',null,'6:00 AM',null);
Insert into XUSER.STATIONARY_REPOSITORY (ID,CATEGORY,COMPANY,ESTIMATED_QUANTITY,UNIT,BASIC_AMOUNT,GST,TOTAL_ITEM_ORDER,TOTAL_ITEM_RECEIVED,DATEOFRECEIVED,STATUS,CREATED_DATE,DATEOFORDER,SUBCATEGORY,SUBCHILDCATEGORY,TIMEOFORDER,TIMEOFRECEIVED) values ('49','ITEMS0200102212042','41','2','61','2','2','21',null,to_date('01-JAN-01','DD-MON-RR'),'1','06-JAN-20',to_date('20-JAN-20','DD-MON-RR'),'41',null,'5:00 AM',null);
Insert into XUSER.STATIONARY_REPOSITORY (ID,CATEGORY,COMPANY,ESTIMATED_QUANTITY,UNIT,BASIC_AMOUNT,GST,TOTAL_ITEM_ORDER,TOTAL_ITEM_RECEIVED,DATEOFRECEIVED,STATUS,CREATED_DATE,DATEOFORDER,SUBCATEGORY,SUBCHILDCATEGORY,TIMEOFORDER,TIMEOFRECEIVED) values ('52','ITEMS0200102212042','41','2','61','2','2','22',null,to_date('01-JAN-01','DD-MON-RR'),'1','13-JAN-20',to_date('28-JAN-20','DD-MON-RR'),'42',null,'12:00 AM',null);
REM INSERTING into XUSER.STATIONARY_ROLE_CLAIMS
SET DEFINE OFF;
Insert into XUSER.STATIONARY_ROLE_CLAIMS (ID,ROLEID,CLAIMTYPE,CLAIMVALUE) values ('186','ADEC37455C644F7499FC7E3B29BAC6F9','permission','requestitemit.view');
Insert into XUSER.STATIONARY_ROLE_CLAIMS (ID,ROLEID,CLAIMTYPE,CLAIMVALUE) values ('141','713E6E2435CD4E58A6D755C3B47E2A12','permission','rolessta.view');
Insert into XUSER.STATIONARY_ROLE_CLAIMS (ID,ROLEID,CLAIMTYPE,CLAIMVALUE) values ('142','713E6E2435CD4E58A6D755C3B47E2A12','permission','rolessta.manage');
Insert into XUSER.STATIONARY_ROLE_CLAIMS (ID,ROLEID,CLAIMTYPE,CLAIMVALUE) values ('143','713E6E2435CD4E58A6D755C3B47E2A12','permission','rolessta.assign');
Insert into XUSER.STATIONARY_ROLE_CLAIMS (ID,ROLEID,CLAIMTYPE,CLAIMVALUE) values ('144','713E6E2435CD4E58A6D755C3B47E2A12','permission','categorysta.view');
Insert into XUSER.STATIONARY_ROLE_CLAIMS (ID,ROLEID,CLAIMTYPE,CLAIMVALUE) values ('145','713E6E2435CD4E58A6D755C3B47E2A12','permission','categorysta.manage');
Insert into XUSER.STATIONARY_ROLE_CLAIMS (ID,ROLEID,CLAIMTYPE,CLAIMVALUE) values ('146','713E6E2435CD4E58A6D755C3B47E2A12','permission','subcategorysta.view');
Insert into XUSER.STATIONARY_ROLE_CLAIMS (ID,ROLEID,CLAIMTYPE,CLAIMVALUE) values ('147','713E6E2435CD4E58A6D755C3B47E2A12','permission','subcategorysta.manage');
Insert into XUSER.STATIONARY_ROLE_CLAIMS (ID,ROLEID,CLAIMTYPE,CLAIMVALUE) values ('148','713E6E2435CD4E58A6D755C3B47E2A12','permission','subchildcategorysta.view');
Insert into XUSER.STATIONARY_ROLE_CLAIMS (ID,ROLEID,CLAIMTYPE,CLAIMVALUE) values ('149','713E6E2435CD4E58A6D755C3B47E2A12','permission','subchildcategorysta.manage');
Insert into XUSER.STATIONARY_ROLE_CLAIMS (ID,ROLEID,CLAIMTYPE,CLAIMVALUE) values ('150','713E6E2435CD4E58A6D755C3B47E2A12','permission','unitsta.view');
Insert into XUSER.STATIONARY_ROLE_CLAIMS (ID,ROLEID,CLAIMTYPE,CLAIMVALUE) values ('151','713E6E2435CD4E58A6D755C3B47E2A12','permission','unitsta.manage');
Insert into XUSER.STATIONARY_ROLE_CLAIMS (ID,ROLEID,CLAIMTYPE,CLAIMVALUE) values ('152','713E6E2435CD4E58A6D755C3B47E2A12','permission','itemcodesta.view');
Insert into XUSER.STATIONARY_ROLE_CLAIMS (ID,ROLEID,CLAIMTYPE,CLAIMVALUE) values ('153','713E6E2435CD4E58A6D755C3B47E2A12','permission','itemcodesta.manage');
Insert into XUSER.STATIONARY_ROLE_CLAIMS (ID,ROLEID,CLAIMTYPE,CLAIMVALUE) values ('154','713E6E2435CD4E58A6D755C3B47E2A12','permission','stationaryrepsta.view');
Insert into XUSER.STATIONARY_ROLE_CLAIMS (ID,ROLEID,CLAIMTYPE,CLAIMVALUE) values ('155','713E6E2435CD4E58A6D755C3B47E2A12','permission','stationaryrepsta.manage');
Insert into XUSER.STATIONARY_ROLE_CLAIMS (ID,ROLEID,CLAIMTYPE,CLAIMVALUE) values ('156','713E6E2435CD4E58A6D755C3B47E2A12','permission','printsta.view');
Insert into XUSER.STATIONARY_ROLE_CLAIMS (ID,ROLEID,CLAIMTYPE,CLAIMVALUE) values ('157','713E6E2435CD4E58A6D755C3B47E2A12','permission','printsta.manage');
Insert into XUSER.STATIONARY_ROLE_CLAIMS (ID,ROLEID,CLAIMTYPE,CLAIMVALUE) values ('158','713E6E2435CD4E58A6D755C3B47E2A12','permission','reportsta.view');
Insert into XUSER.STATIONARY_ROLE_CLAIMS (ID,ROLEID,CLAIMTYPE,CLAIMVALUE) values ('159','713E6E2435CD4E58A6D755C3B47E2A12','permission','reportsta.manage');
Insert into XUSER.STATIONARY_ROLE_CLAIMS (ID,ROLEID,CLAIMTYPE,CLAIMVALUE) values ('160','713E6E2435CD4E58A6D755C3B47E2A12','permission','usersit.view');
Insert into XUSER.STATIONARY_ROLE_CLAIMS (ID,ROLEID,CLAIMTYPE,CLAIMVALUE) values ('161','713E6E2435CD4E58A6D755C3B47E2A12','permission','usersit.manage');
Insert into XUSER.STATIONARY_ROLE_CLAIMS (ID,ROLEID,CLAIMTYPE,CLAIMVALUE) values ('162','713E6E2435CD4E58A6D755C3B47E2A12','permission','rolesit.view');
Insert into XUSER.STATIONARY_ROLE_CLAIMS (ID,ROLEID,CLAIMTYPE,CLAIMVALUE) values ('139','713E6E2435CD4E58A6D755C3B47E2A12','permission','userssta.view');
Insert into XUSER.STATIONARY_ROLE_CLAIMS (ID,ROLEID,CLAIMTYPE,CLAIMVALUE) values ('140','713E6E2435CD4E58A6D755C3B47E2A12','permission','userssta.manage');
Insert into XUSER.STATIONARY_ROLE_CLAIMS (ID,ROLEID,CLAIMTYPE,CLAIMVALUE) values ('163','713E6E2435CD4E58A6D755C3B47E2A12','permission','rolesit.manage');
Insert into XUSER.STATIONARY_ROLE_CLAIMS (ID,ROLEID,CLAIMTYPE,CLAIMVALUE) values ('164','713E6E2435CD4E58A6D755C3B47E2A12','permission','rolesit.assign');
Insert into XUSER.STATIONARY_ROLE_CLAIMS (ID,ROLEID,CLAIMTYPE,CLAIMVALUE) values ('165','713E6E2435CD4E58A6D755C3B47E2A12','permission','categoryit.view');
Insert into XUSER.STATIONARY_ROLE_CLAIMS (ID,ROLEID,CLAIMTYPE,CLAIMVALUE) values ('166','713E6E2435CD4E58A6D755C3B47E2A12','permission','categoryit.manage');
Insert into XUSER.STATIONARY_ROLE_CLAIMS (ID,ROLEID,CLAIMTYPE,CLAIMVALUE) values ('167','713E6E2435CD4E58A6D755C3B47E2A12','permission','subcategoryit.view');
Insert into XUSER.STATIONARY_ROLE_CLAIMS (ID,ROLEID,CLAIMTYPE,CLAIMVALUE) values ('168','713E6E2435CD4E58A6D755C3B47E2A12','permission','subcategoryit.manage');
Insert into XUSER.STATIONARY_ROLE_CLAIMS (ID,ROLEID,CLAIMTYPE,CLAIMVALUE) values ('169','713E6E2435CD4E58A6D755C3B47E2A12','permission','subchildcategoryit.view');
Insert into XUSER.STATIONARY_ROLE_CLAIMS (ID,ROLEID,CLAIMTYPE,CLAIMVALUE) values ('170','713E6E2435CD4E58A6D755C3B47E2A12','permission','subchildcategoryit.manage');
Insert into XUSER.STATIONARY_ROLE_CLAIMS (ID,ROLEID,CLAIMTYPE,CLAIMVALUE) values ('171','713E6E2435CD4E58A6D755C3B47E2A12','permission','contractit.view');
Insert into XUSER.STATIONARY_ROLE_CLAIMS (ID,ROLEID,CLAIMTYPE,CLAIMVALUE) values ('172','713E6E2435CD4E58A6D755C3B47E2A12','permission','contractit.manage');
Insert into XUSER.STATIONARY_ROLE_CLAIMS (ID,ROLEID,CLAIMTYPE,CLAIMVALUE) values ('173','713E6E2435CD4E58A6D755C3B47E2A12','permission','deviceit.view');
Insert into XUSER.STATIONARY_ROLE_CLAIMS (ID,ROLEID,CLAIMTYPE,CLAIMVALUE) values ('174','713E6E2435CD4E58A6D755C3B47E2A12','permission','deviceit.manage');
Insert into XUSER.STATIONARY_ROLE_CLAIMS (ID,ROLEID,CLAIMTYPE,CLAIMVALUE) values ('175','713E6E2435CD4E58A6D755C3B47E2A12','permission','publishcontractit.view');
Insert into XUSER.STATIONARY_ROLE_CLAIMS (ID,ROLEID,CLAIMTYPE,CLAIMVALUE) values ('176','713E6E2435CD4E58A6D755C3B47E2A12','permission','publishcontractit.manage');
Insert into XUSER.STATIONARY_ROLE_CLAIMS (ID,ROLEID,CLAIMTYPE,CLAIMVALUE) values ('177','713E6E2435CD4E58A6D755C3B47E2A12','permission','receiptofitemsit.view');
Insert into XUSER.STATIONARY_ROLE_CLAIMS (ID,ROLEID,CLAIMTYPE,CLAIMVALUE) values ('178','713E6E2435CD4E58A6D755C3B47E2A12','permission','receiptofitemsit.manage');
Insert into XUSER.STATIONARY_ROLE_CLAIMS (ID,ROLEID,CLAIMTYPE,CLAIMVALUE) values ('179','713E6E2435CD4E58A6D755C3B47E2A12','permission','vendorsit.view');
Insert into XUSER.STATIONARY_ROLE_CLAIMS (ID,ROLEID,CLAIMTYPE,CLAIMVALUE) values ('180','713E6E2435CD4E58A6D755C3B47E2A12','permission','vendorsit.manage');
Insert into XUSER.STATIONARY_ROLE_CLAIMS (ID,ROLEID,CLAIMTYPE,CLAIMVALUE) values ('181','713E6E2435CD4E58A6D755C3B47E2A12','permission','issueitemit.view');
Insert into XUSER.STATIONARY_ROLE_CLAIMS (ID,ROLEID,CLAIMTYPE,CLAIMVALUE) values ('182','713E6E2435CD4E58A6D755C3B47E2A12','permission','issueitemit.manage');
Insert into XUSER.STATIONARY_ROLE_CLAIMS (ID,ROLEID,CLAIMTYPE,CLAIMVALUE) values ('183','713E6E2435CD4E58A6D755C3B47E2A12','permission','requestitemit.view');
Insert into XUSER.STATIONARY_ROLE_CLAIMS (ID,ROLEID,CLAIMTYPE,CLAIMVALUE) values ('184','713E6E2435CD4E58A6D755C3B47E2A12','permission','requestitemit.manage');
Insert into XUSER.STATIONARY_ROLE_CLAIMS (ID,ROLEID,CLAIMTYPE,CLAIMVALUE) values ('185','0CEDB410FB874449A45AA165C727970B','permission','issueitemit.view');
Insert into XUSER.STATIONARY_ROLE_CLAIMS (ID,ROLEID,CLAIMTYPE,CLAIMVALUE) values ('65','9DA68BAC4BA54C9DA2D893389487ABD0','permission','userssta.view');
Insert into XUSER.STATIONARY_ROLE_CLAIMS (ID,ROLEID,CLAIMTYPE,CLAIMVALUE) values ('66','9DA68BAC4BA54C9DA2D893389487ABD0','permission','userssta.manage');
Insert into XUSER.STATIONARY_ROLE_CLAIMS (ID,ROLEID,CLAIMTYPE,CLAIMVALUE) values ('67','9DA68BAC4BA54C9DA2D893389487ABD0','permission','rolessta.view');
Insert into XUSER.STATIONARY_ROLE_CLAIMS (ID,ROLEID,CLAIMTYPE,CLAIMVALUE) values ('68','9DA68BAC4BA54C9DA2D893389487ABD0','permission','rolessta.manage');
Insert into XUSER.STATIONARY_ROLE_CLAIMS (ID,ROLEID,CLAIMTYPE,CLAIMVALUE) values ('69','9DA68BAC4BA54C9DA2D893389487ABD0','permission','rolessta.assign');
Insert into XUSER.STATIONARY_ROLE_CLAIMS (ID,ROLEID,CLAIMTYPE,CLAIMVALUE) values ('70','9DA68BAC4BA54C9DA2D893389487ABD0','permission','categorysta.view');
Insert into XUSER.STATIONARY_ROLE_CLAIMS (ID,ROLEID,CLAIMTYPE,CLAIMVALUE) values ('71','9DA68BAC4BA54C9DA2D893389487ABD0','permission','categorysta.manage');
Insert into XUSER.STATIONARY_ROLE_CLAIMS (ID,ROLEID,CLAIMTYPE,CLAIMVALUE) values ('72','9DA68BAC4BA54C9DA2D893389487ABD0','permission','subcategorysta.view');
Insert into XUSER.STATIONARY_ROLE_CLAIMS (ID,ROLEID,CLAIMTYPE,CLAIMVALUE) values ('73','9DA68BAC4BA54C9DA2D893389487ABD0','permission','subcategorysta.manage');
Insert into XUSER.STATIONARY_ROLE_CLAIMS (ID,ROLEID,CLAIMTYPE,CLAIMVALUE) values ('74','9DA68BAC4BA54C9DA2D893389487ABD0','permission','subchildcategorysta.view');
Insert into XUSER.STATIONARY_ROLE_CLAIMS (ID,ROLEID,CLAIMTYPE,CLAIMVALUE) values ('75','9DA68BAC4BA54C9DA2D893389487ABD0','permission','subchildcategorysta.manage');
Insert into XUSER.STATIONARY_ROLE_CLAIMS (ID,ROLEID,CLAIMTYPE,CLAIMVALUE) values ('76','9DA68BAC4BA54C9DA2D893389487ABD0','permission','unitsta.view');
Insert into XUSER.STATIONARY_ROLE_CLAIMS (ID,ROLEID,CLAIMTYPE,CLAIMVALUE) values ('77','9DA68BAC4BA54C9DA2D893389487ABD0','permission','unitsta.manage');
Insert into XUSER.STATIONARY_ROLE_CLAIMS (ID,ROLEID,CLAIMTYPE,CLAIMVALUE) values ('78','9DA68BAC4BA54C9DA2D893389487ABD0','permission','itemcodesta.view');
Insert into XUSER.STATIONARY_ROLE_CLAIMS (ID,ROLEID,CLAIMTYPE,CLAIMVALUE) values ('79','9DA68BAC4BA54C9DA2D893389487ABD0','permission','itemcodesta.manage');
Insert into XUSER.STATIONARY_ROLE_CLAIMS (ID,ROLEID,CLAIMTYPE,CLAIMVALUE) values ('80','9DA68BAC4BA54C9DA2D893389487ABD0','permission','stationaryrepsta.view');
Insert into XUSER.STATIONARY_ROLE_CLAIMS (ID,ROLEID,CLAIMTYPE,CLAIMVALUE) values ('81','9DA68BAC4BA54C9DA2D893389487ABD0','permission','stationaryrepsta.manage');
Insert into XUSER.STATIONARY_ROLE_CLAIMS (ID,ROLEID,CLAIMTYPE,CLAIMVALUE) values ('82','9DA68BAC4BA54C9DA2D893389487ABD0','permission','printsta.view');
Insert into XUSER.STATIONARY_ROLE_CLAIMS (ID,ROLEID,CLAIMTYPE,CLAIMVALUE) values ('83','9DA68BAC4BA54C9DA2D893389487ABD0','permission','printsta.manage');
Insert into XUSER.STATIONARY_ROLE_CLAIMS (ID,ROLEID,CLAIMTYPE,CLAIMVALUE) values ('84','9DA68BAC4BA54C9DA2D893389487ABD0','permission','reportsta.view');
Insert into XUSER.STATIONARY_ROLE_CLAIMS (ID,ROLEID,CLAIMTYPE,CLAIMVALUE) values ('85','9DA68BAC4BA54C9DA2D893389487ABD0','permission','reportsta.manage');
Insert into XUSER.STATIONARY_ROLE_CLAIMS (ID,ROLEID,CLAIMTYPE,CLAIMVALUE) values ('86','9DA68BAC4BA54C9DA2D893389487ABD0','permission','usersit.view');
Insert into XUSER.STATIONARY_ROLE_CLAIMS (ID,ROLEID,CLAIMTYPE,CLAIMVALUE) values ('87','9DA68BAC4BA54C9DA2D893389487ABD0','permission','usersit.manage');
Insert into XUSER.STATIONARY_ROLE_CLAIMS (ID,ROLEID,CLAIMTYPE,CLAIMVALUE) values ('88','9DA68BAC4BA54C9DA2D893389487ABD0','permission','rolesit.view');
Insert into XUSER.STATIONARY_ROLE_CLAIMS (ID,ROLEID,CLAIMTYPE,CLAIMVALUE) values ('89','9DA68BAC4BA54C9DA2D893389487ABD0','permission','rolesit.manage');
Insert into XUSER.STATIONARY_ROLE_CLAIMS (ID,ROLEID,CLAIMTYPE,CLAIMVALUE) values ('90','9DA68BAC4BA54C9DA2D893389487ABD0','permission','rolesit.assign');
Insert into XUSER.STATIONARY_ROLE_CLAIMS (ID,ROLEID,CLAIMTYPE,CLAIMVALUE) values ('91','9DA68BAC4BA54C9DA2D893389487ABD0','permission','categoryit.view');
Insert into XUSER.STATIONARY_ROLE_CLAIMS (ID,ROLEID,CLAIMTYPE,CLAIMVALUE) values ('92','9DA68BAC4BA54C9DA2D893389487ABD0','permission','categoryit.manage');
Insert into XUSER.STATIONARY_ROLE_CLAIMS (ID,ROLEID,CLAIMTYPE,CLAIMVALUE) values ('93','9DA68BAC4BA54C9DA2D893389487ABD0','permission','subcategoryit.view');
Insert into XUSER.STATIONARY_ROLE_CLAIMS (ID,ROLEID,CLAIMTYPE,CLAIMVALUE) values ('94','9DA68BAC4BA54C9DA2D893389487ABD0','permission','subcategoryit.manage');
Insert into XUSER.STATIONARY_ROLE_CLAIMS (ID,ROLEID,CLAIMTYPE,CLAIMVALUE) values ('95','9DA68BAC4BA54C9DA2D893389487ABD0','permission','subchildcategoryit.view');
Insert into XUSER.STATIONARY_ROLE_CLAIMS (ID,ROLEID,CLAIMTYPE,CLAIMVALUE) values ('96','9DA68BAC4BA54C9DA2D893389487ABD0','permission','subchildcategoryit.manage');
Insert into XUSER.STATIONARY_ROLE_CLAIMS (ID,ROLEID,CLAIMTYPE,CLAIMVALUE) values ('97','9DA68BAC4BA54C9DA2D893389487ABD0','permission','contractit.view');
Insert into XUSER.STATIONARY_ROLE_CLAIMS (ID,ROLEID,CLAIMTYPE,CLAIMVALUE) values ('98','9DA68BAC4BA54C9DA2D893389487ABD0','permission','contractit.manage');
Insert into XUSER.STATIONARY_ROLE_CLAIMS (ID,ROLEID,CLAIMTYPE,CLAIMVALUE) values ('99','9DA68BAC4BA54C9DA2D893389487ABD0','permission','deviceit.view');
Insert into XUSER.STATIONARY_ROLE_CLAIMS (ID,ROLEID,CLAIMTYPE,CLAIMVALUE) values ('100','9DA68BAC4BA54C9DA2D893389487ABD0','permission','deviceit.manage');
Insert into XUSER.STATIONARY_ROLE_CLAIMS (ID,ROLEID,CLAIMTYPE,CLAIMVALUE) values ('101','9D8EDB8EE8904B7BAEE644794C8BAEA3','permission','userssta.view');
Insert into XUSER.STATIONARY_ROLE_CLAIMS (ID,ROLEID,CLAIMTYPE,CLAIMVALUE) values ('102','9D8EDB8EE8904B7BAEE644794C8BAEA3','permission','userssta.manage');
Insert into XUSER.STATIONARY_ROLE_CLAIMS (ID,ROLEID,CLAIMTYPE,CLAIMVALUE) values ('103','9D8EDB8EE8904B7BAEE644794C8BAEA3','permission','rolessta.view');
Insert into XUSER.STATIONARY_ROLE_CLAIMS (ID,ROLEID,CLAIMTYPE,CLAIMVALUE) values ('104','9D8EDB8EE8904B7BAEE644794C8BAEA3','permission','rolessta.manage');
Insert into XUSER.STATIONARY_ROLE_CLAIMS (ID,ROLEID,CLAIMTYPE,CLAIMVALUE) values ('105','9D8EDB8EE8904B7BAEE644794C8BAEA3','permission','rolessta.assign');
Insert into XUSER.STATIONARY_ROLE_CLAIMS (ID,ROLEID,CLAIMTYPE,CLAIMVALUE) values ('106','9D8EDB8EE8904B7BAEE644794C8BAEA3','permission','categorysta.view');
Insert into XUSER.STATIONARY_ROLE_CLAIMS (ID,ROLEID,CLAIMTYPE,CLAIMVALUE) values ('107','9D8EDB8EE8904B7BAEE644794C8BAEA3','permission','categorysta.manage');
Insert into XUSER.STATIONARY_ROLE_CLAIMS (ID,ROLEID,CLAIMTYPE,CLAIMVALUE) values ('108','9D8EDB8EE8904B7BAEE644794C8BAEA3','permission','subcategorysta.view');
Insert into XUSER.STATIONARY_ROLE_CLAIMS (ID,ROLEID,CLAIMTYPE,CLAIMVALUE) values ('109','9D8EDB8EE8904B7BAEE644794C8BAEA3','permission','subcategorysta.manage');
Insert into XUSER.STATIONARY_ROLE_CLAIMS (ID,ROLEID,CLAIMTYPE,CLAIMVALUE) values ('110','9D8EDB8EE8904B7BAEE644794C8BAEA3','permission','subchildcategorysta.view');
Insert into XUSER.STATIONARY_ROLE_CLAIMS (ID,ROLEID,CLAIMTYPE,CLAIMVALUE) values ('111','9D8EDB8EE8904B7BAEE644794C8BAEA3','permission','subchildcategorysta.manage');
Insert into XUSER.STATIONARY_ROLE_CLAIMS (ID,ROLEID,CLAIMTYPE,CLAIMVALUE) values ('112','9D8EDB8EE8904B7BAEE644794C8BAEA3','permission','unitsta.view');
Insert into XUSER.STATIONARY_ROLE_CLAIMS (ID,ROLEID,CLAIMTYPE,CLAIMVALUE) values ('113','9D8EDB8EE8904B7BAEE644794C8BAEA3','permission','unitsta.manage');
Insert into XUSER.STATIONARY_ROLE_CLAIMS (ID,ROLEID,CLAIMTYPE,CLAIMVALUE) values ('114','9D8EDB8EE8904B7BAEE644794C8BAEA3','permission','itemcodesta.view');
Insert into XUSER.STATIONARY_ROLE_CLAIMS (ID,ROLEID,CLAIMTYPE,CLAIMVALUE) values ('115','9D8EDB8EE8904B7BAEE644794C8BAEA3','permission','itemcodesta.manage');
Insert into XUSER.STATIONARY_ROLE_CLAIMS (ID,ROLEID,CLAIMTYPE,CLAIMVALUE) values ('116','9D8EDB8EE8904B7BAEE644794C8BAEA3','permission','stationaryrepsta.view');
Insert into XUSER.STATIONARY_ROLE_CLAIMS (ID,ROLEID,CLAIMTYPE,CLAIMVALUE) values ('117','9D8EDB8EE8904B7BAEE644794C8BAEA3','permission','stationaryrepsta.manage');
Insert into XUSER.STATIONARY_ROLE_CLAIMS (ID,ROLEID,CLAIMTYPE,CLAIMVALUE) values ('118','9D8EDB8EE8904B7BAEE644794C8BAEA3','permission','printsta.view');
Insert into XUSER.STATIONARY_ROLE_CLAIMS (ID,ROLEID,CLAIMTYPE,CLAIMVALUE) values ('119','9D8EDB8EE8904B7BAEE644794C8BAEA3','permission','printsta.manage');
Insert into XUSER.STATIONARY_ROLE_CLAIMS (ID,ROLEID,CLAIMTYPE,CLAIMVALUE) values ('120','9D8EDB8EE8904B7BAEE644794C8BAEA3','permission','reportsta.view');
Insert into XUSER.STATIONARY_ROLE_CLAIMS (ID,ROLEID,CLAIMTYPE,CLAIMVALUE) values ('121','9D8EDB8EE8904B7BAEE644794C8BAEA3','permission','reportsta.manage');
Insert into XUSER.STATIONARY_ROLE_CLAIMS (ID,ROLEID,CLAIMTYPE,CLAIMVALUE) values ('122','2A7B78DE5AD349C7BB4EF133694AA70C','permission','usersit.view');
Insert into XUSER.STATIONARY_ROLE_CLAIMS (ID,ROLEID,CLAIMTYPE,CLAIMVALUE) values ('123','2A7B78DE5AD349C7BB4EF133694AA70C','permission','usersit.manage');
Insert into XUSER.STATIONARY_ROLE_CLAIMS (ID,ROLEID,CLAIMTYPE,CLAIMVALUE) values ('124','2A7B78DE5AD349C7BB4EF133694AA70C','permission','rolesit.view');
Insert into XUSER.STATIONARY_ROLE_CLAIMS (ID,ROLEID,CLAIMTYPE,CLAIMVALUE) values ('125','2A7B78DE5AD349C7BB4EF133694AA70C','permission','rolesit.manage');
Insert into XUSER.STATIONARY_ROLE_CLAIMS (ID,ROLEID,CLAIMTYPE,CLAIMVALUE) values ('126','2A7B78DE5AD349C7BB4EF133694AA70C','permission','rolesit.assign');
Insert into XUSER.STATIONARY_ROLE_CLAIMS (ID,ROLEID,CLAIMTYPE,CLAIMVALUE) values ('127','2A7B78DE5AD349C7BB4EF133694AA70C','permission','categoryit.view');
Insert into XUSER.STATIONARY_ROLE_CLAIMS (ID,ROLEID,CLAIMTYPE,CLAIMVALUE) values ('128','2A7B78DE5AD349C7BB4EF133694AA70C','permission','categoryit.manage');
Insert into XUSER.STATIONARY_ROLE_CLAIMS (ID,ROLEID,CLAIMTYPE,CLAIMVALUE) values ('129','2A7B78DE5AD349C7BB4EF133694AA70C','permission','subcategoryit.view');
Insert into XUSER.STATIONARY_ROLE_CLAIMS (ID,ROLEID,CLAIMTYPE,CLAIMVALUE) values ('130','2A7B78DE5AD349C7BB4EF133694AA70C','permission','subcategoryit.manage');
Insert into XUSER.STATIONARY_ROLE_CLAIMS (ID,ROLEID,CLAIMTYPE,CLAIMVALUE) values ('131','2A7B78DE5AD349C7BB4EF133694AA70C','permission','subchildcategoryit.view');
Insert into XUSER.STATIONARY_ROLE_CLAIMS (ID,ROLEID,CLAIMTYPE,CLAIMVALUE) values ('132','2A7B78DE5AD349C7BB4EF133694AA70C','permission','subchildcategoryit.manage');
Insert into XUSER.STATIONARY_ROLE_CLAIMS (ID,ROLEID,CLAIMTYPE,CLAIMVALUE) values ('133','2A7B78DE5AD349C7BB4EF133694AA70C','permission','contractit.view');
Insert into XUSER.STATIONARY_ROLE_CLAIMS (ID,ROLEID,CLAIMTYPE,CLAIMVALUE) values ('134','2A7B78DE5AD349C7BB4EF133694AA70C','permission','contractit.manage');
Insert into XUSER.STATIONARY_ROLE_CLAIMS (ID,ROLEID,CLAIMTYPE,CLAIMVALUE) values ('135','2A7B78DE5AD349C7BB4EF133694AA70C','permission','deviceit.view');
Insert into XUSER.STATIONARY_ROLE_CLAIMS (ID,ROLEID,CLAIMTYPE,CLAIMVALUE) values ('136','2A7B78DE5AD349C7BB4EF133694AA70C','permission','deviceit.manage');
Insert into XUSER.STATIONARY_ROLE_CLAIMS (ID,ROLEID,CLAIMTYPE,CLAIMVALUE) values ('137','D7B58B5D860845E9A59877CC5C511812','permission','usersit.view');
Insert into XUSER.STATIONARY_ROLE_CLAIMS (ID,ROLEID,CLAIMTYPE,CLAIMVALUE) values ('138','D7B58B5D860845E9A59877CC5C511812','permission','rolesit.view');
REM INSERTING into XUSER.STATIONARY_ROLE_MASTER
SET DEFINE OFF;
Insert into XUSER.STATIONARY_ROLE_MASTER (ID,NAME,DESCRIPTION,CREATED_BY,STATUS,CREATED_DATE) values ('D7B58B5D860845E9A59877CC5C511812','ITUSER','ituser',null,'1',to_date('03-FEB-20','DD-MON-RR'));
Insert into XUSER.STATIONARY_ROLE_MASTER (ID,NAME,DESCRIPTION,CREATED_BY,STATUS,CREATED_DATE) values ('713E6E2435CD4E58A6D755C3B47E2A12','SUPER1','super1',null,'1',to_date('11-FEB-20','DD-MON-RR'));
Insert into XUSER.STATIONARY_ROLE_MASTER (ID,NAME,DESCRIPTION,CREATED_BY,STATUS,CREATED_DATE) values ('ADEC37455C644F7499FC7E3B29BAC6F9','ITUSER2','ituser2',null,'1',to_date('11-FEB-20','DD-MON-RR'));
Insert into XUSER.STATIONARY_ROLE_MASTER (ID,NAME,DESCRIPTION,CREATED_BY,STATUS,CREATED_DATE) values ('0CEDB410FB874449A45AA165C727970B','ITUSER1','ituser1',null,'1',to_date('11-FEB-20','DD-MON-RR'));
Insert into XUSER.STATIONARY_ROLE_MASTER (ID,NAME,DESCRIPTION,CREATED_BY,STATUS,CREATED_DATE) values ('359C64729D9F48A6AD82392B1B3BB292','SSW','wsws',null,'0',to_date('02-FEB-20','DD-MON-RR'));
Insert into XUSER.STATIONARY_ROLE_MASTER (ID,NAME,DESCRIPTION,CREATED_BY,STATUS,CREATED_DATE) values ('9DA68BAC4BA54C9DA2D893389487ABD0','SUPERADMIN','superadmin',null,'1',to_date('02-FEB-20','DD-MON-RR'));
Insert into XUSER.STATIONARY_ROLE_MASTER (ID,NAME,DESCRIPTION,CREATED_BY,STATUS,CREATED_DATE) values ('9D8EDB8EE8904B7BAEE644794C8BAEA3','STAADMIN','staadmin',null,'1',to_date('02-FEB-20','DD-MON-RR'));
Insert into XUSER.STATIONARY_ROLE_MASTER (ID,NAME,DESCRIPTION,CREATED_BY,STATUS,CREATED_DATE) values ('2A7B78DE5AD349C7BB4EF133694AA70C','ITADMIN','itadmin',null,'1',to_date('02-FEB-20','DD-MON-RR'));
REM INSERTING into XUSER.STATIONARY_UNITS
SET DEFINE OFF;
Insert into XUSER.STATIONARY_UNITS (ID,UNITS_DESCRIPTION,STATUS,CREATED_DATE) values ('61','piece','1','02-JAN-20');
Insert into XUSER.STATIONARY_UNITS (ID,UNITS_DESCRIPTION,STATUS,CREATED_DATE) values ('41','Nos','1','26-DEC-19');
REM INSERTING into XUSER.STATIONARY_USER_ROLE
SET DEFINE OFF;
Insert into XUSER.STATIONARY_USER_ROLE (USERID,ROLEID,STATUS,CREATED_DATE) values ('83BAE3E5BD404443BCD1B7DB074D8542','D7B58B5D860845E9A59877CC5C511812','1','03-FEB-20');
Insert into XUSER.STATIONARY_USER_ROLE (USERID,ROLEID,STATUS,CREATED_DATE) values ('27564FC4A51D4BC0B5D8B998DE705D6E','ADEC37455C644F7499FC7E3B29BAC6F9','1','11-FEB-20');
Insert into XUSER.STATIONARY_USER_ROLE (USERID,ROLEID,STATUS,CREATED_DATE) values ('BF0A5AFAFBDA4218BDA7661573853475','713E6E2435CD4E58A6D755C3B47E2A12','1','11-FEB-20');
Insert into XUSER.STATIONARY_USER_ROLE (USERID,ROLEID,STATUS,CREATED_DATE) values ('DA3BE77C599543AD82DE1E8D94AA9301','0CEDB410FB874449A45AA165C727970B','1','11-FEB-20');
Insert into XUSER.STATIONARY_USER_ROLE (USERID,ROLEID,STATUS,CREATED_DATE) values ('F4174D9037FF401595ED00D6425AAD40','D7B58B5D860845E9A59877CC5C511812','1','05-MAR-20');
Insert into XUSER.STATIONARY_USER_ROLE (USERID,ROLEID,STATUS,CREATED_DATE) values ('F4174D9037FF401595ED00D6425AAD40','713E6E2435CD4E58A6D755C3B47E2A12','1','05-MAR-20');
Insert into XUSER.STATIONARY_USER_ROLE (USERID,ROLEID,STATUS,CREATED_DATE) values ('F4174D9037FF401595ED00D6425AAD40','ADEC37455C644F7499FC7E3B29BAC6F9','1','05-MAR-20');
Insert into XUSER.STATIONARY_USER_ROLE (USERID,ROLEID,STATUS,CREATED_DATE) values ('F4174D9037FF401595ED00D6425AAD40','0CEDB410FB874449A45AA165C727970B','1','05-MAR-20');
Insert into XUSER.STATIONARY_USER_ROLE (USERID,ROLEID,STATUS,CREATED_DATE) values ('F4174D9037FF401595ED00D6425AAD40','9DA68BAC4BA54C9DA2D893389487ABD0','1','05-MAR-20');
Insert into XUSER.STATIONARY_USER_ROLE (USERID,ROLEID,STATUS,CREATED_DATE) values ('F4174D9037FF401595ED00D6425AAD40','9D8EDB8EE8904B7BAEE644794C8BAEA3','1','05-MAR-20');
Insert into XUSER.STATIONARY_USER_ROLE (USERID,ROLEID,STATUS,CREATED_DATE) values ('F4174D9037FF401595ED00D6425AAD40','2A7B78DE5AD349C7BB4EF133694AA70C','1','05-MAR-20');
Insert into XUSER.STATIONARY_USER_ROLE (USERID,ROLEID,STATUS,CREATED_DATE) values ('700C29DCC1ED47A09B0F6254EF2F6B33','D7B58B5D860845E9A59877CC5C511812','1','03-MAR-20');
Insert into XUSER.STATIONARY_USER_ROLE (USERID,ROLEID,STATUS,CREATED_DATE) values ('F4174D9037FF401595ED00D6425AAD40','D7B58B5D860845E9A59877CC5C511812','1','04-MAR-20');
Insert into XUSER.STATIONARY_USER_ROLE (USERID,ROLEID,STATUS,CREATED_DATE) values ('F4174D9037FF401595ED00D6425AAD40','0CEDB410FB874449A45AA165C727970B','1','04-MAR-20');
Insert into XUSER.STATIONARY_USER_ROLE (USERID,ROLEID,STATUS,CREATED_DATE) values ('F4174D9037FF401595ED00D6425AAD40','2A7B78DE5AD349C7BB4EF133694AA70C','1','04-MAR-20');
Insert into XUSER.STATIONARY_USER_ROLE (USERID,ROLEID,STATUS,CREATED_DATE) values ('F4174D9037FF401595ED00D6425AAD40','D7B58B5D860845E9A59877CC5C511812','1','04-MAR-20');
Insert into XUSER.STATIONARY_USER_ROLE (USERID,ROLEID,STATUS,CREATED_DATE) values ('5A4D1ADF76924BAB8EF6361215FBE78A','9DA68BAC4BA54C9DA2D893389487ABD0','1','02-FEB-20');
Insert into XUSER.STATIONARY_USER_ROLE (USERID,ROLEID,STATUS,CREATED_DATE) values ('CE7140BD778F4C6ABCEC7B6EF3259AC0','2A7B78DE5AD349C7BB4EF133694AA70C','1','02-FEB-20');
Insert into XUSER.STATIONARY_USER_ROLE (USERID,ROLEID,STATUS,CREATED_DATE) values ('009DBE3E15D54350955EE988F20721AA','9D8EDB8EE8904B7BAEE644794C8BAEA3','1','02-FEB-20');
Insert into XUSER.STATIONARY_USER_ROLE (USERID,ROLEID,STATUS,CREATED_DATE) values ('896306811C9A47A9BD662E503404E352','9DA68BAC4BA54C9DA2D893389487ABD0','1','03-FEB-20');
Insert into XUSER.STATIONARY_USER_ROLE (USERID,ROLEID,STATUS,CREATED_DATE) values ('F4174D9037FF401595ED00D6425AAD40','D7B58B5D860845E9A59877CC5C511812','1','03-MAR-20');
Insert into XUSER.STATIONARY_USER_ROLE (USERID,ROLEID,STATUS,CREATED_DATE) values ('F4174D9037FF401595ED00D6425AAD40','ADEC37455C644F7499FC7E3B29BAC6F9','1','03-MAR-20');
REM INSERTING into XUSER.STATIONARY_USERSDGH
SET DEFINE OFF;
Insert into XUSER.STATIONARY_USERSDGH (ID,USERNAME,EMAILID,PHONENO,STATUS,CREATED_DATE,DEPTID,PASSWORD,EMPSTATUS,UNORMALIZEDUSERNAME,NORMALIZEDEMAIL) values ('83BAE3E5BD404443BCD1B7DB074D8542','USER1','userit@gmail.com',null,'1','03-FEB-20',null,'AQAAAAEAACcQAAAAEOiGFv0Tx6uo7z8WDgwYwW/pYvgpRiCOsssqQJM9IfQw4fioNMRiTCuYhlGb5VRsYw==',null,null,null);
Insert into XUSER.STATIONARY_USERSDGH (ID,USERNAME,EMAILID,PHONENO,STATUS,CREATED_DATE,DEPTID,PASSWORD,EMPSTATUS,UNORMALIZEDUSERNAME,NORMALIZEDEMAIL) values ('DA3BE77C599543AD82DE1E8D94AA9301','VAI1','vai1@gmail.com',null,'1','11-FEB-20',null,'AQAAAAEAACcQAAAAEBGmBQrM5fT/9Tnlhy3c1ZJ/82YTyJgCv0d7wiqmqvVPlrirfRAY4rV+dv8eFi68aw==',null,null,null);
Insert into XUSER.STATIONARY_USERSDGH (ID,USERNAME,EMAILID,PHONENO,STATUS,CREATED_DATE,DEPTID,PASSWORD,EMPSTATUS,UNORMALIZEDUSERNAME,NORMALIZEDEMAIL) values ('BF0A5AFAFBDA4218BDA7661573853475','VAI','vai@gmail.com',null,'1','11-FEB-20',null,'AQAAAAEAACcQAAAAEPoQKqBXXDoNbqz1MS13cMaafvULg4NxH44JxRa/s9CSldCVdCFiNI48eMTbKVWiOA==',null,null,null);
Insert into XUSER.STATIONARY_USERSDGH (ID,USERNAME,EMAILID,PHONENO,STATUS,CREATED_DATE,DEPTID,PASSWORD,EMPSTATUS,UNORMALIZEDUSERNAME,NORMALIZEDEMAIL) values ('27564FC4A51D4BC0B5D8B998DE705D6E','VAI2','vai2@gmail.com',null,'1','11-FEB-20',null,'AQAAAAEAACcQAAAAEO2AtPKYodwzun63LP8X6+FQ9S1kFrUFaPwJQ4TpTCh3+qp9BqOLITMm9lZKJV2z7g==',null,null,null);
Insert into XUSER.STATIONARY_USERSDGH (ID,USERNAME,EMAILID,PHONENO,STATUS,CREATED_DATE,DEPTID,PASSWORD,EMPSTATUS,UNORMALIZEDUSERNAME,NORMALIZEDEMAIL) values ('352528E7AC654FC281CE731809C8BE3C','DFGFG','fg@gmail.com','121212121212','1','03-MAR-20',null,'AQAAAAEAACcQAAAAELh+IXjHTuWAXacDiPIN5/V3KLaTUT77Vla+/PM3qpGxrgygTt7iPcjwCKwfhLLrqg==',null,null,null);
Insert into XUSER.STATIONARY_USERSDGH (ID,USERNAME,EMAILID,PHONENO,STATUS,CREATED_DATE,DEPTID,PASSWORD,EMPSTATUS,UNORMALIZEDUSERNAME,NORMALIZEDEMAIL) values ('700C29DCC1ED47A09B0F6254EF2F6B33','DSSD','sdsd@gmail.com',null,'1','03-MAR-20',null,'AQAAAAEAACcQAAAAEL8Fjd1QayyfIALQZE3ZjgS2kAxRCLCJxQPbhm8eVfYX5dt7HIkI95ZxODQJD51QmA==',null,null,null);
Insert into XUSER.STATIONARY_USERSDGH (ID,USERNAME,EMAILID,PHONENO,STATUS,CREATED_DATE,DEPTID,PASSWORD,EMPSTATUS,UNORMALIZEDUSERNAME,NORMALIZEDEMAIL) values ('5A4D1ADF76924BAB8EF6361215FBE78A','SUPERADMIN','super@gmail.com',null,'1','02-FEB-20',null,'AQAAAAEAACcQAAAAEC+HkoW1vXUMCpXZI7jNrjzHWCH64c2NHBCiElXJpCJmC4ujuu8ErLlZ9bSvjVD0OA==',null,null,null);
Insert into XUSER.STATIONARY_USERSDGH (ID,USERNAME,EMAILID,PHONENO,STATUS,CREATED_DATE,DEPTID,PASSWORD,EMPSTATUS,UNORMALIZEDUSERNAME,NORMALIZEDEMAIL) values ('CE7140BD778F4C6ABCEC7B6EF3259AC0','ITADMIN','itadmin@gmail.com',null,'1','02-FEB-20',null,'AQAAAAEAACcQAAAAEKtjvcYQLW2CoITZIrHTsKgn5QmX1MCfhdF1Bu9dMiJMnFYN99uOf1g4g02dGVwGHQ==',null,null,null);
Insert into XUSER.STATIONARY_USERSDGH (ID,USERNAME,EMAILID,PHONENO,STATUS,CREATED_DATE,DEPTID,PASSWORD,EMPSTATUS,UNORMALIZEDUSERNAME,NORMALIZEDEMAIL) values ('009DBE3E15D54350955EE988F20721AA','STAADMIN','staadmin@gmail.com',null,'1','02-FEB-20',null,'AQAAAAEAACcQAAAAEFLNxvWMvd72G0gpNLeOOLBvRH3Xj+DgisJOy1Djj/idc52aeW4BMcbm2P0lVh4ToQ==',null,null,null);
Insert into XUSER.STATIONARY_USERSDGH (ID,USERNAME,EMAILID,PHONENO,STATUS,CREATED_DATE,DEPTID,PASSWORD,EMPSTATUS,UNORMALIZEDUSERNAME,NORMALIZEDEMAIL) values ('896306811C9A47A9BD662E503404E352','SWWS','ws@gmail.com',null,'1','03-FEB-20',null,'AQAAAAEAACcQAAAAEGWlBej1Iv75Q5w0GIDeSi/io4w7QTNWwI+PeAbWZhxChpCvV1x5HWoBUVT+27fJwQ==',null,null,null);
Insert into XUSER.STATIONARY_USERSDGH (ID,USERNAME,EMAILID,PHONENO,STATUS,CREATED_DATE,DEPTID,PASSWORD,EMPSTATUS,UNORMALIZEDUSERNAME,NORMALIZEDEMAIL) values ('F4174D9037FF401595ED00D6425AAD40','GAGAN','gagan111@gmail.com','131312412421','1','03-MAR-20',null,'AQAAAAEAACcQAAAAEDW8aCFGXg7LrtmO3xzF7fqGKnbBMS1tyAQ6w8eb0an74O0XB3UBPzQvkdoqUHizMQ==',null,null,null);
REM INSERTING into XUSER.STATIONARYITEMCOMPANY
SET DEFINE OFF;
Insert into XUSER.STATIONARYITEMCOMPANY (ID,COMPANYCODE,COMPANYNAME,STATUS,CREATED_DATE) values (41,null,'Glory','1','02-JAN-20');
Insert into XUSER.STATIONARYITEMCOMPANY (ID,COMPANYCODE,COMPANYNAME,STATUS,CREATED_DATE) values (21,null,'Faber-Castell','1','26-DEC-19');
REM INSERTING into XUSER.STATIONARYSUBCATEGORY
SET DEFINE OFF;
Insert into XUSER.STATIONARYSUBCATEGORY (ID,DESCRIPTION,STATUS,CREATED_DATE,PARENT_ID,CHILDITEMCODE,CATEGORYTYPE) values (4,'dgg','1','13-JAN-20','1','SUBC200113020617','2');
Insert into XUSER.STATIONARYSUBCATEGORY (ID,DESCRIPTION,STATUS,CREATED_DATE,PARENT_ID,CHILDITEMCODE,CATEGORYTYPE) values (42,'Small size','1','02-JAN-20','ITEMS0200102212042','SUBC200102212207','1');
Insert into XUSER.STATIONARYSUBCATEGORY (ID,DESCRIPTION,STATUS,CREATED_DATE,PARENT_ID,CHILDITEMCODE,CATEGORYTYPE) values (21,'4 GB','1','05-FEB-20','ITEMS0200205023815','SUBC200205023836','2');
Insert into XUSER.STATIONARYSUBCATEGORY (ID,DESCRIPTION,STATUS,CREATED_DATE,PARENT_ID,CHILDITEMCODE,CATEGORYTYPE) values (22,'8 GB','1','05-FEB-20','ITEMS0200205023815','SUBC200205023847','2');
Insert into XUSER.STATIONARYSUBCATEGORY (ID,DESCRIPTION,STATUS,CREATED_DATE,PARENT_ID,CHILDITEMCODE,CATEGORYTYPE) values (23,'16 GB','1','05-FEB-20','ITEMS0200205023815','SUBC200205023859','2');
Insert into XUSER.STATIONARYSUBCATEGORY (ID,DESCRIPTION,STATUS,CREATED_DATE,PARENT_ID,CHILDITEMCODE,CATEGORYTYPE) values (24,'32 GB','1','05-FEB-20','ITEMS0200205023815','SUBC200205023908','2');
Insert into XUSER.STATIONARYSUBCATEGORY (ID,DESCRIPTION,STATUS,CREATED_DATE,PARENT_ID,CHILDITEMCODE,CATEGORYTYPE) values (25,'64 GB','1','05-FEB-20','ITEMS0200205023815','SUBC200205023917','2');
Insert into XUSER.STATIONARYSUBCATEGORY (ID,DESCRIPTION,STATUS,CREATED_DATE,PARENT_ID,CHILDITEMCODE,CATEGORYTYPE) values (26,'Laser','1','11-FEB-20','ITEMS0200211202206','SUBC200211202322','2');
Insert into XUSER.STATIONARYSUBCATEGORY (ID,DESCRIPTION,STATUS,CREATED_DATE,PARENT_ID,CHILDITEMCODE,CATEGORYTYPE) values (27,'Inkjet','1','11-FEB-20','ITEMS0200211202206','SUBC200211202341','2');
Insert into XUSER.STATIONARYSUBCATEGORY (ID,DESCRIPTION,STATUS,CREATED_DATE,PARENT_ID,CHILDITEMCODE,CATEGORYTYPE) values (41,'Big Size(14 cm)','1','02-JAN-20','ITEMS0200102212042','SUBC200102212117','1');
Insert into XUSER.STATIONARYSUBCATEGORY (ID,DESCRIPTION,STATUS,CREATED_DATE,PARENT_ID,CHILDITEMCODE,CATEGORYTYPE) values (34,'Ball','1','26-DEC-19','ITEMS0191226004805','SUBC191226004849','1');
Insert into XUSER.STATIONARYSUBCATEGORY (ID,DESCRIPTION,STATUS,CREATED_DATE,PARENT_ID,CHILDITEMCODE,CATEGORYTYPE) values (35,'Black','1','26-DEC-19','34','SUBC191226004901','1');
Insert into XUSER.STATIONARYSUBCATEGORY (ID,DESCRIPTION,STATUS,CREATED_DATE,PARENT_ID,CHILDITEMCODE,CATEGORYTYPE) values (36,'Blue','1','26-DEC-19','34','SUBC191226004910','1');
Insert into XUSER.STATIONARYSUBCATEGORY (ID,DESCRIPTION,STATUS,CREATED_DATE,PARENT_ID,CHILDITEMCODE,CATEGORYTYPE) values (37,'Red','1','26-DEC-19','34','SUBC191226004917','1');
Insert into XUSER.STATIONARYSUBCATEGORY (ID,DESCRIPTION,STATUS,CREATED_DATE,PARENT_ID,CHILDITEMCODE,CATEGORYTYPE) values (1,'erttryyy','1','12-JAN-20','ITEMS0200110011345','SUBC200112215050','2');
Insert into XUSER.STATIONARYSUBCATEGORY (ID,DESCRIPTION,STATUS,CREATED_DATE,PARENT_ID,CHILDITEMCODE,CATEGORYTYPE) values (2,'fghfg','1','12-JAN-20','ITEMS0200112215201','SUBC200112215237','2');
Insert into XUSER.STATIONARYSUBCATEGORY (ID,DESCRIPTION,STATUS,CREATED_DATE,PARENT_ID,CHILDITEMCODE,CATEGORYTYPE) values (3,'jjg','1','12-JAN-20','ITEMS0200110011345','SUBC200112215504','2');
REM INSERTING into XUSER.STATIONARY_CONTRACTFORM
SET DEFINE OFF;
Insert into XUSER.STATIONARY_CONTRACTFORM (ID,CONTRACTNO,VENDORNAME,STARTDATE,ENDDATE,STATUS,CREATED_DATE,CONTRACTID) values (12,'dwdcxcxxc','2',to_date('05-FEB-20','DD-MON-RR'),to_date('28-FEB-20','DD-MON-RR'),'1','05-FEB-20','C200205010246');
Insert into XUSER.STATIONARY_CONTRACTFORM (ID,CONTRACTNO,VENDORNAME,STARTDATE,ENDDATE,STATUS,CREATED_DATE,CONTRACTID) values (13,'fg','2',to_date('10-FEB-20','DD-MON-RR'),to_date('29-FEB-20','DD-MON-RR'),'1','05-FEB-20','C200205100235');
Insert into XUSER.STATIONARY_CONTRACTFORM (ID,CONTRACTNO,VENDORNAME,STARTDATE,ENDDATE,STATUS,CREATED_DATE,CONTRACTID) values (14,'ggjgj','2',to_date('04-FEB-20','DD-MON-RR'),to_date('26-FEB-20','DD-MON-RR'),'1','06-FEB-20','C200206010219');
--------------------------------------------------------
--  DDL for Index STATIONARY_DEVICE_NAME_PK
--------------------------------------------------------

  CREATE UNIQUE INDEX "XUSER"."STATIONARY_DEVICE_NAME_PK" ON "XUSER"."STATIONARY_DEVICE_NAME" ("ID") 
  PCTFREE 10 INITRANS 2 MAXTRANS 255 COMPUTE STATISTICS 
  STORAGE(INITIAL 65536 NEXT 1048576 MINEXTENTS 1 MAXEXTENTS 2147483645
  PCTINCREASE 0 FREELISTS 1 FREELIST GROUPS 1
  BUFFER_POOL DEFAULT FLASH_CACHE DEFAULT CELL_FLASH_CACHE DEFAULT)
  TABLESPACE "PSC" ;
--------------------------------------------------------
--  DDL for Index STATIONARY_DGH_USER_PK
--------------------------------------------------------

  CREATE UNIQUE INDEX "XUSER"."STATIONARY_DGH_USER_PK" ON "XUSER"."STATIONARY_DGH_USER" ("ID") 
  PCTFREE 10 INITRANS 2 MAXTRANS 255 COMPUTE STATISTICS 
  STORAGE(INITIAL 65536 NEXT 1048576 MINEXTENTS 1 MAXEXTENTS 2147483645
  PCTINCREASE 0 FREELISTS 1 FREELIST GROUPS 1
  BUFFER_POOL DEFAULT FLASH_CACHE DEFAULT CELL_FLASH_CACHE DEFAULT)
  TABLESPACE "PSC" ;
--------------------------------------------------------
--  DDL for Index STATIONARY_IT_ITEM_ADDED_PK
--------------------------------------------------------

  CREATE UNIQUE INDEX "XUSER"."STATIONARY_IT_ITEM_ADDED_PK" ON "XUSER"."STATIONARY_IT_ITEM_ADDED" ("ID") 
  PCTFREE 10 INITRANS 2 MAXTRANS 255 COMPUTE STATISTICS 
  STORAGE(INITIAL 65536 NEXT 1048576 MINEXTENTS 1 MAXEXTENTS 2147483645
  PCTINCREASE 0 FREELISTS 1 FREELIST GROUPS 1
  BUFFER_POOL DEFAULT FLASH_CACHE DEFAULT CELL_FLASH_CACHE DEFAULT)
  TABLESPACE "PSC" ;
--------------------------------------------------------
--  DDL for Index STATIONARY_IT_RECEIVED_ITE_PK
--------------------------------------------------------

  CREATE UNIQUE INDEX "XUSER"."STATIONARY_IT_RECEIVED_ITE_PK" ON "XUSER"."STATIONARY_IT_RECEIVED_ITEMS" ("ID") 
  PCTFREE 10 INITRANS 2 MAXTRANS 255 COMPUTE STATISTICS 
  STORAGE(INITIAL 65536 NEXT 1048576 MINEXTENTS 1 MAXEXTENTS 2147483645
  PCTINCREASE 0 FREELISTS 1 FREELIST GROUPS 1
  BUFFER_POOL DEFAULT FLASH_CACHE DEFAULT CELL_FLASH_CACHE DEFAULT)
  TABLESPACE "PSC" ;
--------------------------------------------------------
--  DDL for Index STATIONARY_IT_RELEASE_ORDE_PK
--------------------------------------------------------

  CREATE UNIQUE INDEX "XUSER"."STATIONARY_IT_RELEASE_ORDE_PK" ON "XUSER"."STATIONARY_IT_RELEASE_ORDER" ("ID") 
  PCTFREE 10 INITRANS 2 MAXTRANS 255 COMPUTE STATISTICS 
  STORAGE(INITIAL 65536 NEXT 1048576 MINEXTENTS 1 MAXEXTENTS 2147483645
  PCTINCREASE 0 FREELISTS 1 FREELIST GROUPS 1
  BUFFER_POOL DEFAULT FLASH_CACHE DEFAULT CELL_FLASH_CACHE DEFAULT)
  TABLESPACE "PSC" ;
--------------------------------------------------------
--  DDL for Index STATIONARY_IT_REQUEST_PK
--------------------------------------------------------

  CREATE UNIQUE INDEX "XUSER"."STATIONARY_IT_REQUEST_PK" ON "XUSER"."STATIONARY_IT_REQUEST" ("ID") 
  PCTFREE 10 INITRANS 2 MAXTRANS 255 COMPUTE STATISTICS 
  STORAGE(INITIAL 65536 NEXT 1048576 MINEXTENTS 1 MAXEXTENTS 2147483645
  PCTINCREASE 0 FREELISTS 1 FREELIST GROUPS 1
  BUFFER_POOL DEFAULT FLASH_CACHE DEFAULT CELL_FLASH_CACHE DEFAULT)
  TABLESPACE "PSC" ;
--------------------------------------------------------
--  DDL for Index STATIONARY_REQUEST_QUANTIT_PK
--------------------------------------------------------

  CREATE UNIQUE INDEX "XUSER"."STATIONARY_REQUEST_QUANTIT_PK" ON "XUSER"."STATIONARY_IT_REQUEST_QUANTITY" ("ID") 
  PCTFREE 10 INITRANS 2 MAXTRANS 255 COMPUTE STATISTICS 
  STORAGE(INITIAL 65536 NEXT 1048576 MINEXTENTS 1 MAXEXTENTS 2147483645
  PCTINCREASE 0 FREELISTS 1 FREELIST GROUPS 1
  BUFFER_POOL DEFAULT FLASH_CACHE DEFAULT CELL_FLASH_CACHE DEFAULT)
  TABLESPACE "PSC" ;
--------------------------------------------------------
--  DDL for Index STQTAIONARY_IT_VENDOR_DETA_PK
--------------------------------------------------------

  CREATE UNIQUE INDEX "XUSER"."STQTAIONARY_IT_VENDOR_DETA_PK" ON "XUSER"."STATIONARY_IT_VENDOR_DETAILS" ("ID") 
  PCTFREE 10 INITRANS 2 MAXTRANS 255 COMPUTE STATISTICS 
  STORAGE(INITIAL 65536 NEXT 1048576 MINEXTENTS 1 MAXEXTENTS 2147483645
  PCTINCREASE 0 FREELISTS 1 FREELIST GROUPS 1
  BUFFER_POOL DEFAULT FLASH_CACHE DEFAULT CELL_FLASH_CACHE DEFAULT)
  TABLESPACE "PSC" ;
--------------------------------------------------------
--  DDL for Index STATIONARYMATERIAL_PK
--------------------------------------------------------

  CREATE UNIQUE INDEX "XUSER"."STATIONARYMATERIAL_PK" ON "XUSER"."STATIONARY_MATERIAL" ("ID") 
  PCTFREE 10 INITRANS 2 MAXTRANS 255 COMPUTE STATISTICS 
  STORAGE(INITIAL 65536 NEXT 1048576 MINEXTENTS 1 MAXEXTENTS 2147483645
  PCTINCREASE 0 FREELISTS 1 FREELIST GROUPS 1
  BUFFER_POOL DEFAULT FLASH_CACHE DEFAULT CELL_FLASH_CACHE DEFAULT)
  TABLESPACE "PSC" ;
--------------------------------------------------------
--  DDL for Index STATIONARY_PRINT_REPOSITOR_PK
--------------------------------------------------------

  CREATE UNIQUE INDEX "XUSER"."STATIONARY_PRINT_REPOSITOR_PK" ON "XUSER"."STATIONARY_PRINT_REPOSITORY" ("ID") 
  PCTFREE 10 INITRANS 2 MAXTRANS 255 COMPUTE STATISTICS 
  STORAGE(INITIAL 65536 NEXT 1048576 MINEXTENTS 1 MAXEXTENTS 2147483645
  PCTINCREASE 0 FREELISTS 1 FREELIST GROUPS 1
  BUFFER_POOL DEFAULT FLASH_CACHE DEFAULT CELL_FLASH_CACHE DEFAULT)
  TABLESPACE "PSC" ;
--------------------------------------------------------
--  DDL for Index STATIONARY_RECEIVED_ITEMS_PK
--------------------------------------------------------

  CREATE UNIQUE INDEX "XUSER"."STATIONARY_RECEIVED_ITEMS_PK" ON "XUSER"."STATIONARY_RECEIVED_ITEMS" ("ID") 
  PCTFREE 10 INITRANS 2 MAXTRANS 255 COMPUTE STATISTICS 
  STORAGE(INITIAL 65536 NEXT 1048576 MINEXTENTS 1 MAXEXTENTS 2147483645
  PCTINCREASE 0 FREELISTS 1 FREELIST GROUPS 1
  BUFFER_POOL DEFAULT FLASH_CACHE DEFAULT CELL_FLASH_CACHE DEFAULT)
  TABLESPACE "PSC" ;
--------------------------------------------------------
--  DDL for Index STATIONARY_REPOSITORY_PK
--------------------------------------------------------

  CREATE UNIQUE INDEX "XUSER"."STATIONARY_REPOSITORY_PK" ON "XUSER"."STATIONARY_REPOSITORY" ("ID") 
  PCTFREE 10 INITRANS 2 MAXTRANS 255 COMPUTE STATISTICS 
  STORAGE(INITIAL 65536 NEXT 1048576 MINEXTENTS 1 MAXEXTENTS 2147483645
  PCTINCREASE 0 FREELISTS 1 FREELIST GROUPS 1
  BUFFER_POOL DEFAULT FLASH_CACHE DEFAULT CELL_FLASH_CACHE DEFAULT)
  TABLESPACE "PSC" ;
--------------------------------------------------------
--  DDL for Index STATIONARY_ROLE_MASTER_PK
--------------------------------------------------------

  CREATE UNIQUE INDEX "XUSER"."STATIONARY_ROLE_MASTER_PK" ON "XUSER"."STATIONARY_ROLE_MASTER" ("ID") 
  PCTFREE 10 INITRANS 2 MAXTRANS 255 COMPUTE STATISTICS 
  STORAGE(INITIAL 65536 NEXT 1048576 MINEXTENTS 1 MAXEXTENTS 2147483645
  PCTINCREASE 0 FREELISTS 1 FREELIST GROUPS 1
  BUFFER_POOL DEFAULT FLASH_CACHE DEFAULT CELL_FLASH_CACHE DEFAULT)
  TABLESPACE "PSC" ;
--------------------------------------------------------
--  DDL for Index STATIONARY_UNITS_PK
--------------------------------------------------------

  CREATE UNIQUE INDEX "XUSER"."STATIONARY_UNITS_PK" ON "XUSER"."STATIONARY_UNITS" ("ID") 
  PCTFREE 10 INITRANS 2 MAXTRANS 255 COMPUTE STATISTICS 
  STORAGE(INITIAL 65536 NEXT 1048576 MINEXTENTS 1 MAXEXTENTS 2147483645
  PCTINCREASE 0 FREELISTS 1 FREELIST GROUPS 1
  BUFFER_POOL DEFAULT FLASH_CACHE DEFAULT CELL_FLASH_CACHE DEFAULT)
  TABLESPACE "PSC" ;
--------------------------------------------------------
--  DDL for Index STATIONARY_USERSDGH_PK
--------------------------------------------------------

  CREATE UNIQUE INDEX "XUSER"."STATIONARY_USERSDGH_PK" ON "XUSER"."STATIONARY_USERSDGH" ("ID") 
  PCTFREE 10 INITRANS 2 MAXTRANS 255 COMPUTE STATISTICS 
  STORAGE(INITIAL 65536 NEXT 1048576 MINEXTENTS 1 MAXEXTENTS 2147483645
  PCTINCREASE 0 FREELISTS 1 FREELIST GROUPS 1
  BUFFER_POOL DEFAULT FLASH_CACHE DEFAULT CELL_FLASH_CACHE DEFAULT)
  TABLESPACE "PSC" ;
--------------------------------------------------------
--  DDL for Index STATIONARYITEMCOMPANY_PK
--------------------------------------------------------

  CREATE UNIQUE INDEX "XUSER"."STATIONARYITEMCOMPANY_PK" ON "XUSER"."STATIONARYITEMCOMPANY" ("ID") 
  PCTFREE 10 INITRANS 2 MAXTRANS 255 COMPUTE STATISTICS 
  STORAGE(INITIAL 65536 NEXT 1048576 MINEXTENTS 1 MAXEXTENTS 2147483645
  PCTINCREASE 0 FREELISTS 1 FREELIST GROUPS 1
  BUFFER_POOL DEFAULT FLASH_CACHE DEFAULT CELL_FLASH_CACHE DEFAULT)
  TABLESPACE "PSC" ;
--------------------------------------------------------
--  DDL for Index STATIONARYSUBCATEGORY_PK
--------------------------------------------------------

  CREATE UNIQUE INDEX "XUSER"."STATIONARYSUBCATEGORY_PK" ON "XUSER"."STATIONARYSUBCATEGORY" ("ID") 
  PCTFREE 10 INITRANS 2 MAXTRANS 255 COMPUTE STATISTICS 
  STORAGE(INITIAL 65536 NEXT 1048576 MINEXTENTS 1 MAXEXTENTS 2147483645
  PCTINCREASE 0 FREELISTS 1 FREELIST GROUPS 1
  BUFFER_POOL DEFAULT FLASH_CACHE DEFAULT CELL_FLASH_CACHE DEFAULT)
  TABLESPACE "PSC" ;
--------------------------------------------------------
--  DDL for Index STATIONARY_CONTRACTFORM_PK
--------------------------------------------------------

  CREATE UNIQUE INDEX "XUSER"."STATIONARY_CONTRACTFORM_PK" ON "XUSER"."STATIONARY_CONTRACTFORM" ("ID") 
  PCTFREE 10 INITRANS 2 MAXTRANS 255 COMPUTE STATISTICS 
  STORAGE(INITIAL 65536 NEXT 1048576 MINEXTENTS 1 MAXEXTENTS 2147483645
  PCTINCREASE 0 FREELISTS 1 FREELIST GROUPS 1
  BUFFER_POOL DEFAULT FLASH_CACHE DEFAULT CELL_FLASH_CACHE DEFAULT)
  TABLESPACE "PSC" ;
--------------------------------------------------------
--  DDL for Trigger STATIONARY_DEVICE_NAME_TRG
--------------------------------------------------------

  CREATE OR REPLACE EDITIONABLE TRIGGER "XUSER"."STATIONARY_DEVICE_NAME_TRG" 
BEFORE INSERT ON STATIONARY_DEVICE_NAME 
FOR EACH ROW 
BEGIN
  <<COLUMN_SEQUENCES>>
  BEGIN
    IF INSERTING AND :NEW.ID IS NULL THEN
      SELECT STATIONARY_DEVICE_NAME_SEQ.NEXTVAL INTO :NEW.ID FROM SYS.DUAL;
    END IF;
  END COLUMN_SEQUENCES;
END;
/
ALTER TRIGGER "XUSER"."STATIONARY_DEVICE_NAME_TRG" ENABLE;
--------------------------------------------------------
--  DDL for Trigger STATIONARY_DGH_USER_TRG1
--------------------------------------------------------

  CREATE OR REPLACE EDITIONABLE TRIGGER "XUSER"."STATIONARY_DGH_USER_TRG1" 
BEFORE INSERT ON STATIONARY_DGH_USER 
FOR EACH ROW 
BEGIN
  <<COLUMN_SEQUENCES>>
  BEGIN
    NULL;
  END COLUMN_SEQUENCES;
END;
/
ALTER TRIGGER "XUSER"."STATIONARY_DGH_USER_TRG1" ENABLE;
--------------------------------------------------------
--  DDL for Trigger STATIONARY_DGH_USER_TRG
--------------------------------------------------------

  CREATE OR REPLACE EDITIONABLE TRIGGER "XUSER"."STATIONARY_DGH_USER_TRG" 
BEFORE INSERT ON STATIONARY_DGH_USER 
FOR EACH ROW 
BEGIN
  <<COLUMN_SEQUENCES>>
  BEGIN
    NULL;
  END COLUMN_SEQUENCES;
END;
/
ALTER TRIGGER "XUSER"."STATIONARY_DGH_USER_TRG" ENABLE;
--------------------------------------------------------
--  DDL for Trigger STATIONARY_DGH_USER_TRG2
--------------------------------------------------------

  CREATE OR REPLACE EDITIONABLE TRIGGER "XUSER"."STATIONARY_DGH_USER_TRG2" 
BEFORE INSERT ON STATIONARY_DGH_USER 
FOR EACH ROW 
BEGIN
  <<COLUMN_SEQUENCES>>
  BEGIN
    NULL;
  END COLUMN_SEQUENCES;
END;
/
ALTER TRIGGER "XUSER"."STATIONARY_DGH_USER_TRG2" ENABLE;
--------------------------------------------------------
--  DDL for Trigger STATIONARY_DGH_USER_TRG3
--------------------------------------------------------

  CREATE OR REPLACE EDITIONABLE TRIGGER "XUSER"."STATIONARY_DGH_USER_TRG3" 
BEFORE INSERT ON STATIONARY_DGH_USER 
FOR EACH ROW 
BEGIN
  <<COLUMN_SEQUENCES>>
  BEGIN
    NULL;
  END COLUMN_SEQUENCES;
END;
/
ALTER TRIGGER "XUSER"."STATIONARY_DGH_USER_TRG3" ENABLE;
--------------------------------------------------------
--  DDL for Trigger STATIONARY_DGH_USER_TRG4
--------------------------------------------------------

  CREATE OR REPLACE EDITIONABLE TRIGGER "XUSER"."STATIONARY_DGH_USER_TRG4" 
BEFORE INSERT ON STATIONARY_DGH_USER 
FOR EACH ROW 
BEGIN
  <<COLUMN_SEQUENCES>>
  BEGIN
    IF INSERTING AND :NEW.ID IS NULL THEN
      SELECT STATIONARY_DGH_USER_SEQ4.NEXTVAL INTO :NEW.ID FROM SYS.DUAL;
    END IF;
  END COLUMN_SEQUENCES;
END;
/
ALTER TRIGGER "XUSER"."STATIONARY_DGH_USER_TRG4" ENABLE;
--------------------------------------------------------
--  DDL for Trigger STATIONARY_IT_ITEM_ADDED_TRG
--------------------------------------------------------

  CREATE OR REPLACE EDITIONABLE TRIGGER "XUSER"."STATIONARY_IT_ITEM_ADDED_TRG" 
BEFORE INSERT ON STATIONARY_IT_ITEM_ADDED 
FOR EACH ROW 
BEGIN
  <<COLUMN_SEQUENCES>>
  BEGIN
    IF INSERTING AND :NEW.ID IS NULL THEN
      SELECT STATIONARY_IT_ITEM_ADDED_SEQ1.NEXTVAL INTO :NEW.ID FROM SYS.DUAL;
    END IF;
  END COLUMN_SEQUENCES;
END;
/
ALTER TRIGGER "XUSER"."STATIONARY_IT_ITEM_ADDED_TRG" ENABLE;
--------------------------------------------------------
--  DDL for Trigger STATIONARY_IT_RECEIVED_ITEMS_
--------------------------------------------------------

  CREATE OR REPLACE EDITIONABLE TRIGGER "XUSER"."STATIONARY_IT_RECEIVED_ITEMS_" 
BEFORE INSERT ON STATIONARY_IT_RECEIVED_ITEMS 
FOR EACH ROW 
BEGIN
  <<COLUMN_SEQUENCES>>
  BEGIN
    IF INSERTING AND :NEW.ID IS NULL THEN
      SELECT STATIONARY_IT_RECEIVED_ITEMS_.NEXTVAL INTO :NEW.ID FROM SYS.DUAL;
    END IF;
  END COLUMN_SEQUENCES;
END;
/
ALTER TRIGGER "XUSER"."STATIONARY_IT_RECEIVED_ITEMS_" ENABLE;
--------------------------------------------------------
--  DDL for Trigger STATIONARY_IT_RELEASE_ORDER_T
--------------------------------------------------------

  CREATE OR REPLACE EDITIONABLE TRIGGER "XUSER"."STATIONARY_IT_RELEASE_ORDER_T" 
BEFORE INSERT ON STATIONARY_IT_RELEASE_ORDER 
FOR EACH ROW 
BEGIN
  <<COLUMN_SEQUENCES>>
  BEGIN
    IF INSERTING AND :NEW.ID IS NULL THEN
      SELECT STATIONARY_IT_RELEASE_ORDER_S2.NEXTVAL INTO :NEW.ID FROM SYS.DUAL;
    END IF;
  END COLUMN_SEQUENCES;
END;
/
ALTER TRIGGER "XUSER"."STATIONARY_IT_RELEASE_ORDER_T" ENABLE;
--------------------------------------------------------
--  DDL for Trigger STATIONARY_IT_REQUEST_TRG
--------------------------------------------------------

  CREATE OR REPLACE EDITIONABLE TRIGGER "XUSER"."STATIONARY_IT_REQUEST_TRG" 
BEFORE INSERT ON STATIONARY_IT_REQUEST 
FOR EACH ROW 
BEGIN
  <<COLUMN_SEQUENCES>>
  BEGIN
    IF INSERTING AND :NEW.ID IS NULL THEN
      SELECT STATIONARY_IT_REQUEST_SEQ.NEXTVAL INTO :NEW.ID FROM SYS.DUAL;
    END IF;
  END COLUMN_SEQUENCES;
END;
/
ALTER TRIGGER "XUSER"."STATIONARY_IT_REQUEST_TRG" ENABLE;
--------------------------------------------------------
--  DDL for Trigger STATIONARY_IT_REQUEST_QUANTIT
--------------------------------------------------------

  CREATE OR REPLACE EDITIONABLE TRIGGER "XUSER"."STATIONARY_IT_REQUEST_QUANTIT" 
BEFORE INSERT ON STATIONARY_IT_REQUEST_QUANTITY 
FOR EACH ROW 
BEGIN
  <<COLUMN_SEQUENCES>>
  BEGIN
    IF INSERTING AND :NEW.ID IS NULL THEN
      SELECT STATIONARY_IT_REQUEST_QUANTIT2.NEXTVAL INTO :NEW.ID FROM SYS.DUAL;
    END IF;
  END COLUMN_SEQUENCES;
END;
/
ALTER TRIGGER "XUSER"."STATIONARY_IT_REQUEST_QUANTIT" ENABLE;
--------------------------------------------------------
--  DDL for Trigger STQTAIONARY_IT_VENDOR_DETAILS
--------------------------------------------------------

  CREATE OR REPLACE EDITIONABLE TRIGGER "XUSER"."STQTAIONARY_IT_VENDOR_DETAILS" 
BEFORE INSERT ON "STATIONARY_IT_VENDOR_DETAILS" 
FOR EACH ROW 
BEGIN
  <<COLUMN_SEQUENCES>>
  BEGIN
    IF INSERTING AND :NEW.ID IS NULL THEN
      SELECT STQTAIONARY_IT_VENDOR_DETAILS2.NEXTVAL INTO :NEW.ID FROM SYS.DUAL;
    END IF;
  END COLUMN_SEQUENCES;
END;
/
ALTER TRIGGER "XUSER"."STQTAIONARY_IT_VENDOR_DETAILS" ENABLE;
--------------------------------------------------------
--  DDL for Trigger STATIONARY_MATERIAL_TRG2
--------------------------------------------------------

  CREATE OR REPLACE EDITIONABLE TRIGGER "XUSER"."STATIONARY_MATERIAL_TRG2" 
BEFORE INSERT ON STATIONARY_MATERIAL 
FOR EACH ROW 
BEGIN
  <<COLUMN_SEQUENCES>>
  BEGIN
    NULL;
  END COLUMN_SEQUENCES;
END;
/
ALTER TRIGGER "XUSER"."STATIONARY_MATERIAL_TRG2" ENABLE;
--------------------------------------------------------
--  DDL for Trigger STATIONARY_MATERIAL_TRG1
--------------------------------------------------------

  CREATE OR REPLACE EDITIONABLE TRIGGER "XUSER"."STATIONARY_MATERIAL_TRG1" 
BEFORE INSERT ON STATIONARY_MATERIAL 
FOR EACH ROW 
BEGIN
  <<COLUMN_SEQUENCES>>
  BEGIN
    NULL;
  END COLUMN_SEQUENCES;
END;
/
ALTER TRIGGER "XUSER"."STATIONARY_MATERIAL_TRG1" ENABLE;
--------------------------------------------------------
--  DDL for Trigger STATIONARY_MATERIAL_TRG
--------------------------------------------------------

  CREATE OR REPLACE EDITIONABLE TRIGGER "XUSER"."STATIONARY_MATERIAL_TRG" 
BEFORE INSERT ON STATIONARY_MATERIAL 
FOR EACH ROW 
BEGIN
  <<COLUMN_SEQUENCES>>
  BEGIN
    NULL;
  END COLUMN_SEQUENCES;
END;
/
ALTER TRIGGER "XUSER"."STATIONARY_MATERIAL_TRG" ENABLE;
--------------------------------------------------------
--  DDL for Trigger STATIONARY_MATERIAL_TRG3
--------------------------------------------------------

  CREATE OR REPLACE EDITIONABLE TRIGGER "XUSER"."STATIONARY_MATERIAL_TRG3" 
BEFORE INSERT ON STATIONARY_MATERIAL 
FOR EACH ROW 
BEGIN
  <<COLUMN_SEQUENCES>>
  BEGIN
    IF INSERTING AND :NEW.ID IS NULL THEN
      SELECT STATIONARY_MATERIAL_SEQ4.NEXTVAL INTO :NEW.ID FROM SYS.DUAL;
    END IF;
  END COLUMN_SEQUENCES;
END;
/
ALTER TRIGGER "XUSER"."STATIONARY_MATERIAL_TRG3" ENABLE;
--------------------------------------------------------
--  DDL for Trigger STATIONARY_PRINT_REPOSITORY_T
--------------------------------------------------------

  CREATE OR REPLACE EDITIONABLE TRIGGER "XUSER"."STATIONARY_PRINT_REPOSITORY_T" 
BEFORE INSERT ON STATIONARY_PRINT_REPOSITORY 
FOR EACH ROW 
BEGIN
  <<COLUMN_SEQUENCES>>
  BEGIN
    NULL;
  END COLUMN_SEQUENCES;
END;
/
ALTER TRIGGER "XUSER"."STATIONARY_PRINT_REPOSITORY_T" ENABLE;
--------------------------------------------------------
--  DDL for Trigger STATIONARY_PRINT_REPOSITORY_T1
--------------------------------------------------------

  CREATE OR REPLACE EDITIONABLE TRIGGER "XUSER"."STATIONARY_PRINT_REPOSITORY_T1" 
BEFORE INSERT ON STATIONARY_PRINT_REPOSITORY 
FOR EACH ROW 
BEGIN
  <<COLUMN_SEQUENCES>>
  BEGIN
    NULL;
  END COLUMN_SEQUENCES;
END;
/
ALTER TRIGGER "XUSER"."STATIONARY_PRINT_REPOSITORY_T1" ENABLE;
--------------------------------------------------------
--  DDL for Trigger STATIONARY_PRINT_REPOSITORY_T2
--------------------------------------------------------

  CREATE OR REPLACE EDITIONABLE TRIGGER "XUSER"."STATIONARY_PRINT_REPOSITORY_T2" 
BEFORE INSERT ON STATIONARY_PRINT_REPOSITORY 
FOR EACH ROW 
BEGIN
  <<COLUMN_SEQUENCES>>
  BEGIN
    IF INSERTING AND :NEW.ID IS NULL THEN
      SELECT STATIONARY_PRINT_REPOSITORY_S2.NEXTVAL INTO :NEW.ID FROM SYS.DUAL;
    END IF;
  END COLUMN_SEQUENCES;
END;
/
ALTER TRIGGER "XUSER"."STATIONARY_PRINT_REPOSITORY_T2" ENABLE;
--------------------------------------------------------
--  DDL for Trigger STATIONARY_RECEIVED_ITEMS_TRG
--------------------------------------------------------

  CREATE OR REPLACE EDITIONABLE TRIGGER "XUSER"."STATIONARY_RECEIVED_ITEMS_TRG" 
BEFORE INSERT ON STATIONARY_RECEIVED_ITEMS 
FOR EACH ROW 
BEGIN
  <<COLUMN_SEQUENCES>>
  BEGIN
    IF INSERTING AND :NEW.ID IS NULL THEN
      SELECT STATIONARY_RECEIVED_ITEMS_SEQ.NEXTVAL INTO :NEW.ID FROM SYS.DUAL;
    END IF;
  END COLUMN_SEQUENCES;
END;
/
ALTER TRIGGER "XUSER"."STATIONARY_RECEIVED_ITEMS_TRG" ENABLE;
--------------------------------------------------------
--  DDL for Trigger STATIONARY_REPOSITORY_TRG
--------------------------------------------------------

  CREATE OR REPLACE EDITIONABLE TRIGGER "XUSER"."STATIONARY_REPOSITORY_TRG" 
BEFORE INSERT ON STATIONARY_REPOSITORY 
FOR EACH ROW 
BEGIN
  <<COLUMN_SEQUENCES>>
  BEGIN
    NULL;
  END COLUMN_SEQUENCES;
END;
/
ALTER TRIGGER "XUSER"."STATIONARY_REPOSITORY_TRG" ENABLE;
--------------------------------------------------------
--  DDL for Trigger STATIONARY_REPOSITORY_TRG1
--------------------------------------------------------

  CREATE OR REPLACE EDITIONABLE TRIGGER "XUSER"."STATIONARY_REPOSITORY_TRG1" 
BEFORE INSERT ON STATIONARY_REPOSITORY 
FOR EACH ROW 
BEGIN
  <<COLUMN_SEQUENCES>>
  BEGIN
    NULL;
  END COLUMN_SEQUENCES;
END;
/
ALTER TRIGGER "XUSER"."STATIONARY_REPOSITORY_TRG1" ENABLE;
--------------------------------------------------------
--  DDL for Trigger STATIONARY_REPOSITORY_TRG3
--------------------------------------------------------

  CREATE OR REPLACE EDITIONABLE TRIGGER "XUSER"."STATIONARY_REPOSITORY_TRG3" 
BEFORE INSERT ON STATIONARY_REPOSITORY 
FOR EACH ROW 
BEGIN
  <<COLUMN_SEQUENCES>>
  BEGIN
    IF INSERTING AND :NEW.ID IS NULL THEN
      SELECT STATIONARY_REPOSITORY_SEQ3.NEXTVAL INTO :NEW.ID FROM SYS.DUAL;
    END IF;
  END COLUMN_SEQUENCES;
END;
/
ALTER TRIGGER "XUSER"."STATIONARY_REPOSITORY_TRG3" ENABLE;
--------------------------------------------------------
--  DDL for Trigger STATIONARY_REPOSITORY_TRG2
--------------------------------------------------------

  CREATE OR REPLACE EDITIONABLE TRIGGER "XUSER"."STATIONARY_REPOSITORY_TRG2" 
BEFORE INSERT ON STATIONARY_REPOSITORY 
FOR EACH ROW 
BEGIN
  <<COLUMN_SEQUENCES>>
  BEGIN
    NULL;
  END COLUMN_SEQUENCES;
END;
/
ALTER TRIGGER "XUSER"."STATIONARY_REPOSITORY_TRG2" ENABLE;
--------------------------------------------------------
--  DDL for Trigger STATIONARY_ROLE_CLAIMS_TRG
--------------------------------------------------------

  CREATE OR REPLACE EDITIONABLE TRIGGER "XUSER"."STATIONARY_ROLE_CLAIMS_TRG" 
BEFORE INSERT ON STATIONARY_ROLE_CLAIMS 
FOR EACH ROW 
BEGIN
  <<COLUMN_SEQUENCES>>
  BEGIN
    IF INSERTING AND :NEW.ID IS NULL THEN
      SELECT STATIONARY_ROLE_CLAIMS_SEQ.NEXTVAL INTO :NEW.ID FROM SYS.DUAL;
    END IF;
  END COLUMN_SEQUENCES;
END;
/
ALTER TRIGGER "XUSER"."STATIONARY_ROLE_CLAIMS_TRG" ENABLE;
--------------------------------------------------------
--  DDL for Trigger STATIONARY_UNITS_TRG
--------------------------------------------------------

  CREATE OR REPLACE EDITIONABLE TRIGGER "XUSER"."STATIONARY_UNITS_TRG" 
BEFORE INSERT ON STATIONARY_UNITS 
FOR EACH ROW 
BEGIN
  <<COLUMN_SEQUENCES>>
  BEGIN
    IF INSERTING AND :NEW.ID IS NULL THEN
      SELECT STATIONARY_UNITS_SEQ.NEXTVAL INTO :NEW.ID FROM SYS.DUAL;
    END IF;
  END COLUMN_SEQUENCES;
END;
/
ALTER TRIGGER "XUSER"."STATIONARY_UNITS_TRG" ENABLE;
--------------------------------------------------------
--  DDL for Trigger STATIONARY_USERSDGH_TRG1
--------------------------------------------------------

  CREATE OR REPLACE EDITIONABLE TRIGGER "XUSER"."STATIONARY_USERSDGH_TRG1" 
BEFORE INSERT ON STATIONARY_USERSDGH 
FOR EACH ROW 
BEGIN
  <<COLUMN_SEQUENCES>>
  BEGIN
    NULL;
  END COLUMN_SEQUENCES;
END;
/
ALTER TRIGGER "XUSER"."STATIONARY_USERSDGH_TRG1" ENABLE;
--------------------------------------------------------
--  DDL for Trigger STATIONARY_USERSDGH_TRG
--------------------------------------------------------

  CREATE OR REPLACE EDITIONABLE TRIGGER "XUSER"."STATIONARY_USERSDGH_TRG" 
BEFORE INSERT ON STATIONARY_USERSDGH 
FOR EACH ROW 
BEGIN
  <<COLUMN_SEQUENCES>>
  BEGIN
    NULL;
  END COLUMN_SEQUENCES;
END;
/
ALTER TRIGGER "XUSER"."STATIONARY_USERSDGH_TRG" ENABLE;
--------------------------------------------------------
--  DDL for Trigger STATIONARYITEMCODE_MAKE_TRG
--------------------------------------------------------

  CREATE OR REPLACE EDITIONABLE TRIGGER "XUSER"."STATIONARYITEMCODE_MAKE_TRG" 
BEFORE INSERT ON "STATIONARYITEMCOMPANY" 
FOR EACH ROW 
BEGIN
  <<COLUMN_SEQUENCES>>
  BEGIN
    NULL;
  END COLUMN_SEQUENCES;
END;
/
ALTER TRIGGER "XUSER"."STATIONARYITEMCODE_MAKE_TRG" ENABLE;
--------------------------------------------------------
--  DDL for Trigger STATIONARYITEMCOMPANY_TRG
--------------------------------------------------------

  CREATE OR REPLACE EDITIONABLE TRIGGER "XUSER"."STATIONARYITEMCOMPANY_TRG" 
BEFORE INSERT ON STATIONARYITEMCOMPANY 
FOR EACH ROW 
BEGIN
  <<COLUMN_SEQUENCES>>
  BEGIN
    IF INSERTING AND :NEW.ID IS NULL THEN
      SELECT STATIONARYITEMCOMPANY_SEQ.NEXTVAL INTO :NEW.ID FROM SYS.DUAL;
    END IF;
  END COLUMN_SEQUENCES;
END;
/
ALTER TRIGGER "XUSER"."STATIONARYITEMCOMPANY_TRG" ENABLE;
--------------------------------------------------------
--  DDL for Trigger STATIONARYSUBCATEGORY_TRG1
--------------------------------------------------------

  CREATE OR REPLACE EDITIONABLE TRIGGER "XUSER"."STATIONARYSUBCATEGORY_TRG1" 
BEFORE INSERT ON STATIONARYSUBCATEGORY 
FOR EACH ROW 
BEGIN
  <<COLUMN_SEQUENCES>>
  BEGIN
    NULL;
  END COLUMN_SEQUENCES;
END;
/
ALTER TRIGGER "XUSER"."STATIONARYSUBCATEGORY_TRG1" ENABLE;
--------------------------------------------------------
--  DDL for Trigger STATIONARYSUBCATEGORY_TRG2
--------------------------------------------------------

  CREATE OR REPLACE EDITIONABLE TRIGGER "XUSER"."STATIONARYSUBCATEGORY_TRG2" 
BEFORE INSERT ON STATIONARYSUBCATEGORY 
FOR EACH ROW 
BEGIN
  <<COLUMN_SEQUENCES>>
  BEGIN
    NULL;
  END COLUMN_SEQUENCES;
END;
/
ALTER TRIGGER "XUSER"."STATIONARYSUBCATEGORY_TRG2" ENABLE;
--------------------------------------------------------
--  DDL for Trigger STATIONARYSUBCATEGORY_TRG
--------------------------------------------------------

  CREATE OR REPLACE EDITIONABLE TRIGGER "XUSER"."STATIONARYSUBCATEGORY_TRG" 
BEFORE INSERT ON STATIONARYSUBCATEGORY 
FOR EACH ROW 
BEGIN
  <<COLUMN_SEQUENCES>>
  BEGIN
    NULL;
  END COLUMN_SEQUENCES;
END;
/
ALTER TRIGGER "XUSER"."STATIONARYSUBCATEGORY_TRG" ENABLE;
--------------------------------------------------------
--  DDL for Trigger STATIONARYSUBCATEGORY_TRG4
--------------------------------------------------------

  CREATE OR REPLACE EDITIONABLE TRIGGER "XUSER"."STATIONARYSUBCATEGORY_TRG4" 
BEFORE INSERT ON STATIONARYSUBCATEGORY 
FOR EACH ROW 
BEGIN
  <<COLUMN_SEQUENCES>>
  BEGIN
    IF INSERTING AND :NEW.ID IS NULL THEN
      SELECT STATIONARYSUBCATEGORY_SEQ4.NEXTVAL INTO :NEW.ID FROM SYS.DUAL;
    END IF;
  END COLUMN_SEQUENCES;
END;
/
ALTER TRIGGER "XUSER"."STATIONARYSUBCATEGORY_TRG4" ENABLE;
--------------------------------------------------------
--  DDL for Trigger STATIONARYSUBCATEGORY_TRG3
--------------------------------------------------------

  CREATE OR REPLACE EDITIONABLE TRIGGER "XUSER"."STATIONARYSUBCATEGORY_TRG3" 
BEFORE INSERT ON STATIONARYSUBCATEGORY 
FOR EACH ROW 
BEGIN
  <<COLUMN_SEQUENCES>>
  BEGIN
    NULL;
  END COLUMN_SEQUENCES;
END;
/
ALTER TRIGGER "XUSER"."STATIONARYSUBCATEGORY_TRG3" ENABLE;
--------------------------------------------------------
--  DDL for Trigger STATIONARY_CONTRACTFORM_TRG
--------------------------------------------------------

  CREATE OR REPLACE EDITIONABLE TRIGGER "XUSER"."STATIONARY_CONTRACTFORM_TRG" 
BEFORE INSERT ON STATIONARY_CONTRACTFORM 
FOR EACH ROW 
BEGIN
  <<COLUMN_SEQUENCES>>
  BEGIN
    IF INSERTING AND :NEW.ID IS NULL THEN
      SELECT STATIONARY_CONTRACTFORM_SEQ1.NEXTVAL INTO :NEW.ID FROM SYS.DUAL;
    END IF;
  END COLUMN_SEQUENCES;
END;
/
ALTER TRIGGER "XUSER"."STATIONARY_CONTRACTFORM_TRG" ENABLE;
--------------------------------------------------------
--  Constraints for Table STATIONARY_DEVICE_NAME
--------------------------------------------------------

  ALTER TABLE "XUSER"."STATIONARY_DEVICE_NAME" ADD CONSTRAINT "STATIONARY_DEVICE_NAME_PK" PRIMARY KEY ("ID")
  USING INDEX PCTFREE 10 INITRANS 2 MAXTRANS 255 COMPUTE STATISTICS 
  STORAGE(INITIAL 65536 NEXT 1048576 MINEXTENTS 1 MAXEXTENTS 2147483645
  PCTINCREASE 0 FREELISTS 1 FREELIST GROUPS 1
  BUFFER_POOL DEFAULT FLASH_CACHE DEFAULT CELL_FLASH_CACHE DEFAULT)
  TABLESPACE "PSC"  ENABLE;
  ALTER TABLE "XUSER"."STATIONARY_DEVICE_NAME" MODIFY ("ID" NOT NULL ENABLE);
--------------------------------------------------------
--  Constraints for Table STATIONARY_DGH_USER
--------------------------------------------------------

  ALTER TABLE "XUSER"."STATIONARY_DGH_USER" ADD CONSTRAINT "STATIONARY_DGH_USER_PK" PRIMARY KEY ("ID")
  USING INDEX PCTFREE 10 INITRANS 2 MAXTRANS 255 COMPUTE STATISTICS 
  STORAGE(INITIAL 65536 NEXT 1048576 MINEXTENTS 1 MAXEXTENTS 2147483645
  PCTINCREASE 0 FREELISTS 1 FREELIST GROUPS 1
  BUFFER_POOL DEFAULT FLASH_CACHE DEFAULT CELL_FLASH_CACHE DEFAULT)
  TABLESPACE "PSC"  ENABLE;
  ALTER TABLE "XUSER"."STATIONARY_DGH_USER" MODIFY ("ID" NOT NULL ENABLE);
--------------------------------------------------------
--  Constraints for Table STATIONARY_IT_ITEM_ADDED
--------------------------------------------------------

  ALTER TABLE "XUSER"."STATIONARY_IT_ITEM_ADDED" ADD CONSTRAINT "STATIONARY_IT_ITEM_ADDED_PK" PRIMARY KEY ("ID")
  USING INDEX PCTFREE 10 INITRANS 2 MAXTRANS 255 COMPUTE STATISTICS 
  STORAGE(INITIAL 65536 NEXT 1048576 MINEXTENTS 1 MAXEXTENTS 2147483645
  PCTINCREASE 0 FREELISTS 1 FREELIST GROUPS 1
  BUFFER_POOL DEFAULT FLASH_CACHE DEFAULT CELL_FLASH_CACHE DEFAULT)
  TABLESPACE "PSC"  ENABLE;
  ALTER TABLE "XUSER"."STATIONARY_IT_ITEM_ADDED" MODIFY ("ID" NOT NULL ENABLE);
--------------------------------------------------------
--  Constraints for Table STATIONARY_IT_RECEIVED_ITEMS
--------------------------------------------------------

  ALTER TABLE "XUSER"."STATIONARY_IT_RECEIVED_ITEMS" ADD CONSTRAINT "STATIONARY_IT_RECEIVED_ITE_PK" PRIMARY KEY ("ID")
  USING INDEX PCTFREE 10 INITRANS 2 MAXTRANS 255 COMPUTE STATISTICS 
  STORAGE(INITIAL 65536 NEXT 1048576 MINEXTENTS 1 MAXEXTENTS 2147483645
  PCTINCREASE 0 FREELISTS 1 FREELIST GROUPS 1
  BUFFER_POOL DEFAULT FLASH_CACHE DEFAULT CELL_FLASH_CACHE DEFAULT)
  TABLESPACE "PSC"  ENABLE;
  ALTER TABLE "XUSER"."STATIONARY_IT_RECEIVED_ITEMS" MODIFY ("ID" NOT NULL ENABLE);
--------------------------------------------------------
--  Constraints for Table STATIONARY_IT_RELEASE_ORDER
--------------------------------------------------------

  ALTER TABLE "XUSER"."STATIONARY_IT_RELEASE_ORDER" ADD CONSTRAINT "STATIONARY_IT_RELEASE_ORDE_PK" PRIMARY KEY ("ID")
  USING INDEX PCTFREE 10 INITRANS 2 MAXTRANS 255 COMPUTE STATISTICS 
  STORAGE(INITIAL 65536 NEXT 1048576 MINEXTENTS 1 MAXEXTENTS 2147483645
  PCTINCREASE 0 FREELISTS 1 FREELIST GROUPS 1
  BUFFER_POOL DEFAULT FLASH_CACHE DEFAULT CELL_FLASH_CACHE DEFAULT)
  TABLESPACE "PSC"  ENABLE;
  ALTER TABLE "XUSER"."STATIONARY_IT_RELEASE_ORDER" MODIFY ("ID" NOT NULL ENABLE);
--------------------------------------------------------
--  Constraints for Table STATIONARY_IT_REQUEST
--------------------------------------------------------

  ALTER TABLE "XUSER"."STATIONARY_IT_REQUEST" ADD CONSTRAINT "STATIONARY_IT_REQUEST_PK" PRIMARY KEY ("ID")
  USING INDEX PCTFREE 10 INITRANS 2 MAXTRANS 255 COMPUTE STATISTICS 
  STORAGE(INITIAL 65536 NEXT 1048576 MINEXTENTS 1 MAXEXTENTS 2147483645
  PCTINCREASE 0 FREELISTS 1 FREELIST GROUPS 1
  BUFFER_POOL DEFAULT FLASH_CACHE DEFAULT CELL_FLASH_CACHE DEFAULT)
  TABLESPACE "PSC"  ENABLE;
  ALTER TABLE "XUSER"."STATIONARY_IT_REQUEST" MODIFY ("ID" NOT NULL ENABLE);
--------------------------------------------------------
--  Constraints for Table STATIONARY_IT_REQUEST_QUANTITY
--------------------------------------------------------

  ALTER TABLE "XUSER"."STATIONARY_IT_REQUEST_QUANTITY" ADD CONSTRAINT "STATIONARY_REQUEST_QUANTIT_PK" PRIMARY KEY ("ID")
  USING INDEX PCTFREE 10 INITRANS 2 MAXTRANS 255 COMPUTE STATISTICS 
  STORAGE(INITIAL 65536 NEXT 1048576 MINEXTENTS 1 MAXEXTENTS 2147483645
  PCTINCREASE 0 FREELISTS 1 FREELIST GROUPS 1
  BUFFER_POOL DEFAULT FLASH_CACHE DEFAULT CELL_FLASH_CACHE DEFAULT)
  TABLESPACE "PSC"  ENABLE;
  ALTER TABLE "XUSER"."STATIONARY_IT_REQUEST_QUANTITY" MODIFY ("ID" NOT NULL ENABLE);
--------------------------------------------------------
--  Constraints for Table STATIONARY_IT_VENDOR_DETAILS
--------------------------------------------------------

  ALTER TABLE "XUSER"."STATIONARY_IT_VENDOR_DETAILS" ADD CONSTRAINT "STQTAIONARY_IT_VENDOR_DETA_PK" PRIMARY KEY ("ID")
  USING INDEX PCTFREE 10 INITRANS 2 MAXTRANS 255 COMPUTE STATISTICS 
  STORAGE(INITIAL 65536 NEXT 1048576 MINEXTENTS 1 MAXEXTENTS 2147483645
  PCTINCREASE 0 FREELISTS 1 FREELIST GROUPS 1
  BUFFER_POOL DEFAULT FLASH_CACHE DEFAULT CELL_FLASH_CACHE DEFAULT)
  TABLESPACE "PSC"  ENABLE;
  ALTER TABLE "XUSER"."STATIONARY_IT_VENDOR_DETAILS" MODIFY ("ID" NOT NULL ENABLE);
--------------------------------------------------------
--  Constraints for Table STATIONARY_MATERIAL
--------------------------------------------------------

  ALTER TABLE "XUSER"."STATIONARY_MATERIAL" ADD CONSTRAINT "STATIONARYMATERIAL_PK" PRIMARY KEY ("ID")
  USING INDEX PCTFREE 10 INITRANS 2 MAXTRANS 255 COMPUTE STATISTICS 
  STORAGE(INITIAL 65536 NEXT 1048576 MINEXTENTS 1 MAXEXTENTS 2147483645
  PCTINCREASE 0 FREELISTS 1 FREELIST GROUPS 1
  BUFFER_POOL DEFAULT FLASH_CACHE DEFAULT CELL_FLASH_CACHE DEFAULT)
  TABLESPACE "PSC"  ENABLE;
  ALTER TABLE "XUSER"."STATIONARY_MATERIAL" MODIFY ("ID" NOT NULL ENABLE);
--------------------------------------------------------
--  Constraints for Table STATIONARY_PRINT_REPOSITORY
--------------------------------------------------------

  ALTER TABLE "XUSER"."STATIONARY_PRINT_REPOSITORY" ADD CONSTRAINT "STATIONARY_PRINT_REPOSITOR_PK" PRIMARY KEY ("ID")
  USING INDEX PCTFREE 10 INITRANS 2 MAXTRANS 255 COMPUTE STATISTICS 
  STORAGE(INITIAL 65536 NEXT 1048576 MINEXTENTS 1 MAXEXTENTS 2147483645
  PCTINCREASE 0 FREELISTS 1 FREELIST GROUPS 1
  BUFFER_POOL DEFAULT FLASH_CACHE DEFAULT CELL_FLASH_CACHE DEFAULT)
  TABLESPACE "PSC"  ENABLE;
  ALTER TABLE "XUSER"."STATIONARY_PRINT_REPOSITORY" MODIFY ("ID" NOT NULL ENABLE);
--------------------------------------------------------
--  Constraints for Table STATIONARY_RECEIVED_ITEMS
--------------------------------------------------------

  ALTER TABLE "XUSER"."STATIONARY_RECEIVED_ITEMS" ADD CONSTRAINT "STATIONARY_RECEIVED_ITEMS_PK" PRIMARY KEY ("ID")
  USING INDEX PCTFREE 10 INITRANS 2 MAXTRANS 255 COMPUTE STATISTICS 
  STORAGE(INITIAL 65536 NEXT 1048576 MINEXTENTS 1 MAXEXTENTS 2147483645
  PCTINCREASE 0 FREELISTS 1 FREELIST GROUPS 1
  BUFFER_POOL DEFAULT FLASH_CACHE DEFAULT CELL_FLASH_CACHE DEFAULT)
  TABLESPACE "PSC"  ENABLE;
  ALTER TABLE "XUSER"."STATIONARY_RECEIVED_ITEMS" MODIFY ("ID" NOT NULL ENABLE);
--------------------------------------------------------
--  Constraints for Table STATIONARY_REPOSITORY
--------------------------------------------------------

  ALTER TABLE "XUSER"."STATIONARY_REPOSITORY" ADD CONSTRAINT "STATIONARY_REPOSITORY_PK" PRIMARY KEY ("ID")
  USING INDEX PCTFREE 10 INITRANS 2 MAXTRANS 255 COMPUTE STATISTICS 
  STORAGE(INITIAL 65536 NEXT 1048576 MINEXTENTS 1 MAXEXTENTS 2147483645
  PCTINCREASE 0 FREELISTS 1 FREELIST GROUPS 1
  BUFFER_POOL DEFAULT FLASH_CACHE DEFAULT CELL_FLASH_CACHE DEFAULT)
  TABLESPACE "PSC"  ENABLE;
  ALTER TABLE "XUSER"."STATIONARY_REPOSITORY" MODIFY ("ID" NOT NULL ENABLE);
--------------------------------------------------------
--  Constraints for Table STATIONARY_ROLE_MASTER
--------------------------------------------------------

  ALTER TABLE "XUSER"."STATIONARY_ROLE_MASTER" ADD CONSTRAINT "STATIONARY_ROLE_MASTER_PK" PRIMARY KEY ("ID")
  USING INDEX PCTFREE 10 INITRANS 2 MAXTRANS 255 COMPUTE STATISTICS 
  STORAGE(INITIAL 65536 NEXT 1048576 MINEXTENTS 1 MAXEXTENTS 2147483645
  PCTINCREASE 0 FREELISTS 1 FREELIST GROUPS 1
  BUFFER_POOL DEFAULT FLASH_CACHE DEFAULT CELL_FLASH_CACHE DEFAULT)
  TABLESPACE "PSC"  ENABLE;
  ALTER TABLE "XUSER"."STATIONARY_ROLE_MASTER" MODIFY ("ID" NOT NULL ENABLE);
--------------------------------------------------------
--  Constraints for Table STATIONARY_UNITS
--------------------------------------------------------

  ALTER TABLE "XUSER"."STATIONARY_UNITS" ADD CONSTRAINT "STATIONARY_UNITS_PK" PRIMARY KEY ("ID")
  USING INDEX PCTFREE 10 INITRANS 2 MAXTRANS 255 COMPUTE STATISTICS 
  STORAGE(INITIAL 65536 NEXT 1048576 MINEXTENTS 1 MAXEXTENTS 2147483645
  PCTINCREASE 0 FREELISTS 1 FREELIST GROUPS 1
  BUFFER_POOL DEFAULT FLASH_CACHE DEFAULT CELL_FLASH_CACHE DEFAULT)
  TABLESPACE "PSC"  ENABLE;
  ALTER TABLE "XUSER"."STATIONARY_UNITS" MODIFY ("ID" NOT NULL ENABLE);
--------------------------------------------------------
--  Constraints for Table STATIONARY_USERSDGH
--------------------------------------------------------

  ALTER TABLE "XUSER"."STATIONARY_USERSDGH" ADD CONSTRAINT "STATIONARY_USERSDGH_PK" PRIMARY KEY ("ID")
  USING INDEX PCTFREE 10 INITRANS 2 MAXTRANS 255 COMPUTE STATISTICS 
  STORAGE(INITIAL 65536 NEXT 1048576 MINEXTENTS 1 MAXEXTENTS 2147483645
  PCTINCREASE 0 FREELISTS 1 FREELIST GROUPS 1
  BUFFER_POOL DEFAULT FLASH_CACHE DEFAULT CELL_FLASH_CACHE DEFAULT)
  TABLESPACE "PSC"  ENABLE;
  ALTER TABLE "XUSER"."STATIONARY_USERSDGH" MODIFY ("ID" NOT NULL ENABLE);
--------------------------------------------------------
--  Constraints for Table STATIONARYITEMCOMPANY
--------------------------------------------------------

  ALTER TABLE "XUSER"."STATIONARYITEMCOMPANY" ADD CONSTRAINT "STATIONARYITEMCOMPANY_PK" PRIMARY KEY ("ID")
  USING INDEX PCTFREE 10 INITRANS 2 MAXTRANS 255 COMPUTE STATISTICS 
  STORAGE(INITIAL 65536 NEXT 1048576 MINEXTENTS 1 MAXEXTENTS 2147483645
  PCTINCREASE 0 FREELISTS 1 FREELIST GROUPS 1
  BUFFER_POOL DEFAULT FLASH_CACHE DEFAULT CELL_FLASH_CACHE DEFAULT)
  TABLESPACE "PSC"  ENABLE;
  ALTER TABLE "XUSER"."STATIONARYITEMCOMPANY" MODIFY ("ID" NOT NULL ENABLE);
--------------------------------------------------------
--  Constraints for Table STATIONARYSUBCATEGORY
--------------------------------------------------------

  ALTER TABLE "XUSER"."STATIONARYSUBCATEGORY" ADD CONSTRAINT "STATIONARYSUBCATEGORY_PK" PRIMARY KEY ("ID")
  USING INDEX PCTFREE 10 INITRANS 2 MAXTRANS 255 COMPUTE STATISTICS 
  STORAGE(INITIAL 65536 NEXT 1048576 MINEXTENTS 1 MAXEXTENTS 2147483645
  PCTINCREASE 0 FREELISTS 1 FREELIST GROUPS 1
  BUFFER_POOL DEFAULT FLASH_CACHE DEFAULT CELL_FLASH_CACHE DEFAULT)
  TABLESPACE "PSC"  ENABLE;
  ALTER TABLE "XUSER"."STATIONARYSUBCATEGORY" MODIFY ("ID" NOT NULL ENABLE);
--------------------------------------------------------
--  Constraints for Table STATIONARY_CONTRACTFORM
--------------------------------------------------------

  ALTER TABLE "XUSER"."STATIONARY_CONTRACTFORM" ADD CONSTRAINT "STATIONARY_CONTRACTFORM_PK" PRIMARY KEY ("ID")
  USING INDEX PCTFREE 10 INITRANS 2 MAXTRANS 255 COMPUTE STATISTICS 
  STORAGE(INITIAL 65536 NEXT 1048576 MINEXTENTS 1 MAXEXTENTS 2147483645
  PCTINCREASE 0 FREELISTS 1 FREELIST GROUPS 1
  BUFFER_POOL DEFAULT FLASH_CACHE DEFAULT CELL_FLASH_CACHE DEFAULT)
  TABLESPACE "PSC"  ENABLE;
  ALTER TABLE "XUSER"."STATIONARY_CONTRACTFORM" MODIFY ("ID" NOT NULL ENABLE);
